date_validite,risque_actuel,risque_j2,depart_spontane,declenchement_skieur,resume,id,massif,departement,zone
2026-06-04T15:00:00,1,1,"Coulées au soleil, sans ampleur.",Peu probables;,"Départs spontanés : Coulées au soleil, sans ampleur.
Déclenchements skieurs : Peu probables;",1,Chablais,Haute-Savoie,Alpes du Nord
2026-06-04T15:00:00,1,1,"Coulées au soleil, sans ampleur.",Peu probables;,"Départs spontanés : Coulées au soleil, sans ampleur.
Déclenchements skieurs : Peu probables;",2,Aravis,Haute-Savoie,Alpes du Nord
2026-06-04T15:00:00,2,1,Petites coulées humides au soleil.,Plaques à vent dans la neige fraiche en matinée.,"Départs spontanés : Petites coulées humides au soleil.
Déclenchements skieurs : Plaques à vent dans la neige fraiche en matinée.",3,Mont-Blanc,Haute-Savoie,Alpes du Nord
2026-06-04T15:00:00,1,1,Peu probables,Peu probables,"Départs spontanés : Peu probables
Déclenchements skieurs : Peu probables",4,Bauges,Savoie,Alpes du Nord
2026-06-04T16:00:00,2,1,quelques petits départs ponctuels dans la neige fraîche qui s'humidifie en journée.,neige humide sous les skis. / rares petites plaques sur les plus hauts sommets.,"Départs spontanés : quelques petits départs ponctuels dans la neige fraîche qui s'humidifie en journée.
Déclenchements skieurs : neige humide sous les skis. / rares petites plaques sur les plus hauts sommets.",5,Beaufortain,Savoie,Alpes du Nord
2026-06-04T16:00:00,2,2,quelques petits départs ponctuels dans la neige fraîche qui s'humidifie en journée.,quelques petites plaques sur les plus hauts sommets. / neige humide sous les skis.,"Départs spontanés : quelques petits départs ponctuels dans la neige fraîche qui s'humidifie en journée.
Déclenchements skieurs : quelques petites plaques sur les plus hauts sommets. / neige humide sous les skis.",6,Haute-Tarentaise,Savoie,Alpes du Nord
2026-06-04T16:00:00,1,1,RAS.,RAS.,"Départs spontanés : RAS.
Déclenchements skieurs : RAS.",7,Chartreuse,Isère,Alpes du Nord
2026-06-04T16:00:00,2,1,"Durant les intempéries et vendredi matin, nombreuses coulées de surfaces/boules en pentes raides d'altitude...",Peu de risque de plaques. Possible coulée humide ponctuelle sous les skis (neige fraîche glissant sur les anciens névés denses)...,"Départs spontanés : Durant les intempéries et vendredi matin, nombreuses coulées de surfaces/boules en pentes raides d'altitude...
Déclenchements skieurs : Peu de risque de plaques. Possible coulée humide ponctuelle sous les skis (neige fraîche glissant sur les anciens névés denses)...",8,Belledonne,Isère,Alpes du Nord
2026-06-04T16:00:00,2,1,quelques petits départs ponctuels dans la neige fraîche qui s'humidifie en journée.,neige humide sous les skis. / rares petites plaques sur les plus hauts sommets.,"Départs spontanés : quelques petits départs ponctuels dans la neige fraîche qui s'humidifie en journée.
Déclenchements skieurs : neige humide sous les skis. / rares petites plaques sur les plus hauts sommets.",9,Maurienne,Savoie,Alpes du Nord
2026-06-04T16:00:00,2,2,quelques petits départs ponctuels dans la neige fraîche qui s'humidifie en journée.,quelques petites plaques sur les plus hauts sommets. / neige humide sous les skis.,"Départs spontanés : quelques petits départs ponctuels dans la neige fraîche qui s'humidifie en journée.
Déclenchements skieurs : quelques petites plaques sur les plus hauts sommets. / neige humide sous les skis.",10,Vanoise,Savoie,Alpes du Nord
2026-06-04T16:00:00,2,2,quelques petits départs ponctuels dans la neige fraîche qui s'humidifie en journée.,quelques petites plaques sur les plus hauts sommets. / neige humide sous les skis.,"Départs spontanés : quelques petits départs ponctuels dans la neige fraîche qui s'humidifie en journée.
Déclenchements skieurs : quelques petites plaques sur les plus hauts sommets. / neige humide sous les skis.",11,Haute-Maurienne,Savoie,Alpes du Nord
2026-06-04T16:00:00,2,1,"Durant les intempéries et vendredi matin, nombreuses coulées ponctuelles de surfaces/boules en pentes raides d'altitude...",Peu de risque de plaques ou rare au dessus de 3200m? Possible coulée humide ponctuelle sous les skis (neige fraîche glissant sur les anciens névés denses)...,"Départs spontanés : Durant les intempéries et vendredi matin, nombreuses coulées ponctuelles de surfaces/boules en pentes raides d'altitude...
Déclenchements skieurs : Peu de risque de plaques ou rare au dessus de 3200m? Possible coulée humide ponctuelle sous les skis (neige fraîche glissant sur les anciens névés denses)...",12,Grandes-Rousses,Isère,Alpes du Nord
2026-06-04T16:00:00,1,1,peu probables.,peu probables.,"Départs spontanés : peu probables.
Déclenchements skieurs : peu probables.",13,Thabor,Hautes-Alpes/Savoie,Alpes du Sud
2026-06-04T16:00:00,1,1,RAS.,RAS.,"Départs spontanés : RAS.
Déclenchements skieurs : RAS.",14,Vercors,Isère,Alpes du Nord
2026-06-04T16:00:00,2,1,"Durant les intempéries et vendredi matin, nombreuses coulées ponctuelles de surfaces/boules en pentes raides d'altitude...",Rares plaques temporaires au dessus de 3200/3400m? Possible coulée humide ponctuelle sous les skis (neige fraîche glissant sur les anciens névés denses)...,"Départs spontanés : Durant les intempéries et vendredi matin, nombreuses coulées ponctuelles de surfaces/boules en pentes raides d'altitude...
Déclenchements skieurs : Rares plaques temporaires au dessus de 3200/3400m? Possible coulée humide ponctuelle sous les skis (neige fraîche glissant sur les anciens névés denses)...",15,Oisans,Isère,Alpes du Nord
2026-06-04T16:00:00,2,1,en neige fraîche au cours des chutes ce jeudi soir. En neige récente s'humidifiant au soleil vendredi. ,quelques petites plaques en place à haute altitude dans la neige fraîche ventée. ,"Départs spontanés : en neige fraîche au cours des chutes ce jeudi soir. En neige récente s'humidifiant au soleil vendredi. 
Déclenchements skieurs : quelques petites plaques en place à haute altitude dans la neige fraîche ventée. ",16,Pelvoux,Hautes-Alpes,Alpes du Sud
2026-06-04T16:00:00,1,1,peu probables.,peu probables.,"Départs spontanés : peu probables.
Déclenchements skieurs : peu probables.",17,Queyras,Hautes-Alpes,Alpes du Sud
2026-06-04T16:00:00,1,1,peu probables.,peu probables.,"Départs spontanés : peu probables.
Déclenchements skieurs : peu probables.",18,Devoluy,Hautes-Alpes,Alpes du Sud
2026-06-04T16:00:00,1,1,peu probables.,peu probables.,"Départs spontanés : peu probables.
Déclenchements skieurs : peu probables.",19,Champsaur,Hautes-Alpes,Alpes du Sud
2026-06-04T16:00:00,1,1,peu probables.,peu probables.,"Départs spontanés : peu probables.
Déclenchements skieurs : peu probables.",20,Embrunais-Parpaillon,Hautes-Alpes,Alpes du Sud
2026-06-04T16:00:00,1,1,peu probables. ,peu probables. ,"Départs spontanés : peu probables. 
Déclenchements skieurs : peu probables. ",21,Ubaye,Alpes-de-Haute-Provence,Alpes du Sud
2026-06-04T16:00:00,1,1,peu probables. ,peu probables. ,"Départs spontanés : peu probables. 
Déclenchements skieurs : peu probables. ",22,Haut-Var Haut-Verdon,Alpes-de-Haute-Provence/Alpes-Maritimes,Alpes du Sud
2026-06-04T16:00:00,1,1,peu probables. ,peu probables. ,"Départs spontanés : peu probables. 
Déclenchements skieurs : peu probables. ",23,Mercantour,Alpes-Maritimes,Alpes du Sud
2026-06-04T16:00:00,1,1,peu probables,peu probables,"Départs spontanés : peu probables
Déclenchements skieurs : peu probables",40,Cinto-Rotondo,Haute-Corse,Corse
2026-06-04T16:00:00,1,1,peu probables,peu probables,"Départs spontanés : peu probables
Déclenchements skieurs : peu probables",41,Renoso-Incudine,Corse-du-Sud,Corse
2026-06-04T16:00:00,1,1,Plus de neige.,Plus de neige.,"Départs spontanés : Plus de neige.
Déclenchements skieurs : Plus de neige.",64,Pays Basque,Pyrénées-Atlantiques,Pyrénées
2026-06-04T16:00:00,1,1,Peu probable ,Manteau neigneux stable,"Départs spontanés : Peu probable 
Déclenchements skieurs : Manteau neigneux stable",65,Aspe-Ossau,Pyrénées-Atlantiques,Pyrénées
2026-06-04T16:00:00,1,1,Peu probable ,Manteau neigneux stable,"Départs spontanés : Peu probable 
Déclenchements skieurs : Manteau neigneux stable",66,Haute-Bigorre,Hautes-Pyrénées,Pyrénées
2026-06-04T16:00:00,1,1,Peu probable ,Manteau neigneux stable,"Départs spontanés : Peu probable 
Déclenchements skieurs : Manteau neigneux stable",67,Aure-Louron,Hautes-Pyrénées,Pyrénées
2026-06-04T16:00:00,1,1,Peu probable ,Manteau neigneux stable,"Départs spontanés : Peu probable 
Déclenchements skieurs : Manteau neigneux stable",68,Luchonnais,Haute-Garonne,Pyrénées
2026-06-04T15:00:00,1,1,Peu probable,Peu probable,"Départs spontanés : Peu probable
Déclenchements skieurs : Peu probable",69,Couserans,Ariège,Pyrénées
2026-06-04T15:00:00,1,1,Peu probable,Peu probable,"Départs spontanés : Peu probable
Déclenchements skieurs : Peu probable",70,Haute-Ariège,Ariège,Pyrénées
,,,,,,71,Andorre,Andorre,Pyrénées
2026-06-04T15:00:00,1,1,Peu probable,Peu probable,"Départs spontanés : Peu probable
Déclenchements skieurs : Peu probable",72,Orlu-Saint-Barthélemy,Ariège,Pyrénées
2026-06-04T15:00:00,1,1,Peu probable,Peu probable,"Départs spontanés : Peu probable
Déclenchements skieurs : Peu probable",73,Capcir-Puymorens,Pyrénées-Orientales,Pyrénées
2026-06-04T15:00:00,1,1,Peu probable,Peu probable,"Départs spontanés : Peu probable
Déclenchements skieurs : Peu probable",74,Cerdagne-Canigou,Pyrénées-Orientales,Pyrénées
