time,latitude,longitude,elevation,temperature_2m,relative_humidity_2m,wind_speed_10m,precipitation,snowfall,cloudcover,shortwave_radiation,direct_radiation
2026-05-28 00:00:00,47.3,8.9,897.0,19.8,49,17.3,0.0,0.0,82,0.0,0.0
2026-05-28 01:00:00,47.3,8.9,897.0,19.4,53,21.5,0.0,0.0,83,0.0,0.0
2026-05-28 02:00:00,47.3,8.9,897.0,18.7,61,17.6,0.0,0.0,17,0.0,0.0
2026-05-28 03:00:00,47.3,8.9,897.0,18.1,61,15.0,0.0,0.0,56,0.0,0.0
2026-05-28 04:00:00,47.3,8.9,897.0,17.5,63,13.6,0.0,0.0,0,0.0,0.0
2026-05-28 05:00:00,47.3,8.9,897.0,17.0,57,13.6,0.0,0.0,5,0.0,0.0
2026-05-28 06:00:00,47.3,8.9,897.0,16.0,62,6.9,0.0,0.0,0,3.0,0.0
2026-05-28 07:00:00,47.3,8.9,897.0,16.2,64,5.2,0.0,0.0,0,73.0,32.0
2026-05-28 08:00:00,47.3,8.9,897.0,18.2,63,4.4,0.0,0.0,0,221.0,147.0
2026-05-28 09:00:00,47.3,8.9,897.0,19.8,57,4.4,0.0,0.0,0,393.0,299.0
2026-05-28 10:00:00,47.3,8.9,897.0,21.0,54,3.1,0.0,0.0,0,562.0,455.0
2026-05-28 11:00:00,47.3,8.9,897.0,21.8,48,7.7,0.0,0.0,0,709.0,593.0
2026-05-28 12:00:00,47.3,8.9,897.0,22.5,46,13.5,0.0,0.0,0,826.0,704.0
2026-05-28 13:00:00,47.3,8.9,897.0,23.1,41,15.6,0.0,0.0,0,895.0,770.0
2026-05-28 14:00:00,47.3,8.9,897.0,23.5,40,14.0,0.0,0.0,0,913.0,789.0
2026-05-28 15:00:00,47.3,8.9,897.0,23.8,40,15.6,0.0,0.0,0,879.0,757.0
2026-05-28 16:00:00,47.3,8.9,897.0,24.0,41,16.4,0.0,0.0,0,798.0,681.0
2026-05-28 17:00:00,47.3,8.9,897.0,23.6,38,12.9,0.0,0.0,0,676.0,566.0
2026-05-28 18:00:00,47.3,8.9,897.0,22.9,44,13.5,0.0,0.0,100,496.0,365.0
2026-05-28 19:00:00,47.3,8.9,897.0,22.3,44,10.6,0.0,0.0,100,260.0,92.0
2026-05-28 20:00:00,47.3,8.9,897.0,21.2,50,10.5,0.0,0.0,73,105.0,7.0
2026-05-28 21:00:00,47.3,8.9,897.0,19.3,54,9.3,0.0,0.0,14,39.0,9.0
2026-05-28 22:00:00,47.3,8.9,897.0,18.1,58,15.0,0.0,0.0,0,0.0,0.0
2026-05-28 23:00:00,47.3,8.9,897.0,18.1,50,15.9,0.0,0.0,0,0.0,0.0
2026-05-29 00:00:00,47.3,8.9,897.0,17.7,51,14.6,0.0,0.0,0,0.0,0.0
2026-05-29 01:00:00,47.3,8.9,897.0,17.2,52,13.0,0.0,0.0,0,0.0,0.0
2026-05-29 02:00:00,47.3,8.9,897.0,16.4,54,13.3,0.0,0.0,0,0.0,0.0
2026-05-29 03:00:00,47.3,8.9,897.0,15.2,54,8.4,0.0,0.0,0,0.0,0.0
2026-05-29 04:00:00,47.3,8.9,897.0,13.8,63,5.4,0.0,0.0,0,0.0,0.0
2026-05-29 05:00:00,47.3,8.9,897.0,12.4,70,7.2,0.0,0.0,0,0.0,0.0
2026-05-29 06:00:00,47.3,8.9,897.0,12.0,73,6.9,0.0,0.0,13,3.0,0.0
2026-05-29 07:00:00,47.3,8.9,897.0,13.3,72,5.8,0.0,0.0,98,74.0,28.0
2026-05-29 08:00:00,47.3,8.9,897.0,16.2,71,2.7,0.0,0.0,1,219.0,137.0
2026-05-29 09:00:00,47.3,8.9,897.0,18.4,58,2.3,0.0,0.0,1,394.0,295.0
2026-05-29 10:00:00,47.3,8.9,897.0,20.0,55,4.2,0.0,0.0,1,564.0,451.0
2026-05-29 11:00:00,47.3,8.9,897.0,21.0,47,5.4,0.0,0.0,13,713.0,590.0
2026-05-29 12:00:00,47.3,8.9,897.0,21.9,44,11.4,0.0,0.0,47,828.0,693.0
2026-05-29 13:00:00,47.3,8.9,897.0,23.0,41,11.8,0.0,0.0,64,898.0,753.0
2026-05-29 14:00:00,47.3,8.9,897.0,23.6,36,10.5,0.0,0.0,29,919.0,778.0
2026-05-29 15:00:00,47.3,8.9,897.0,24.1,31,13.6,0.0,0.0,0,891.0,763.0
2026-05-29 16:00:00,47.3,8.9,897.0,24.1,25,16.9,0.0,0.0,0,812.0,693.0
2026-05-29 17:00:00,47.3,8.9,897.0,24.0,25,14.9,0.0,0.0,0,687.0,575.0
2026-05-29 18:00:00,47.3,8.9,897.0,23.3,23,15.6,0.0,0.0,0,534.0,432.0
2026-05-29 19:00:00,47.3,8.9,897.0,22.4,31,15.3,0.0,0.0,0,359.0,271.0
2026-05-29 20:00:00,47.3,8.9,897.0,21.7,26,10.7,0.0,0.0,0,184.0,118.0
2026-05-29 21:00:00,47.3,8.9,897.0,19.2,29,9.9,0.0,0.0,0,45.0,17.0
2026-05-29 22:00:00,47.3,8.9,897.0,17.9,31,9.4,0.0,0.0,0,0.0,0.0
2026-05-29 23:00:00,47.3,8.9,897.0,17.4,35,9.2,0.0,0.0,0,0.0,0.0
2026-05-30 00:00:00,47.3,8.9,897.0,16.8,37,9.0,0.0,0.0,0,0.0,0.0
2026-05-30 01:00:00,47.3,8.9,897.0,16.5,39,6.1,0.0,0.0,0,0.0,0.0
2026-05-30 02:00:00,47.3,8.9,897.0,16.0,38,7.2,0.0,0.0,51,0.0,0.0
2026-05-30 03:00:00,47.3,8.9,897.0,15.9,40,6.9,0.0,0.0,0,0.0,0.0
2026-05-30 04:00:00,47.3,8.9,897.0,15.5,42,5.6,0.0,0.0,0,0.0,0.0
2026-05-30 05:00:00,47.3,8.9,897.0,13.8,52,8.8,0.0,0.0,3,0.0,0.0
2026-05-30 06:00:00,47.3,8.9,897.0,13.9,54,7.9,0.0,0.0,100,4.0,0.0
2026-05-30 07:00:00,47.3,8.9,897.0,14.8,58,7.9,0.0,0.0,100,69.0,15.0
2026-05-30 08:00:00,47.3,8.9,897.0,16.4,65,3.9,0.0,0.0,100,172.0,43.0
2026-05-30 09:00:00,47.3,8.9,897.0,19.2,46,1.9,0.0,0.0,100,296.0,93.0
2026-05-30 10:00:00,47.3,8.9,897.0,20.2,45,2.3,0.0,0.0,100,420.0,151.0
2026-05-30 11:00:00,47.3,8.9,897.0,21.3,46,2.1,0.0,0.0,99,597.0,308.0
2026-05-30 12:00:00,47.3,8.9,897.0,23.0,49,4.7,0.0,0.0,53,787.0,598.0
2026-05-30 13:00:00,47.3,8.9,897.0,24.5,41,8.1,0.0,0.0,92,877.0,727.0
2026-05-30 14:00:00,47.3,8.9,897.0,24.8,41,8.0,0.0,0.0,99,870.0,660.0
2026-05-30 15:00:00,47.3,8.9,897.0,25.6,38,11.2,0.0,0.0,44,861.0,714.0
2026-05-30 16:00:00,47.3,8.9,897.0,25.6,31,8.8,0.0,0.0,100,781.0,636.0
2026-05-30 17:00:00,47.3,8.9,897.0,25.5,33,9.7,0.0,0.0,68,665.0,540.0
2026-05-30 18:00:00,47.3,8.9,897.0,24.8,33,9.7,0.0,0.0,17,512.0,403.0
2026-05-30 19:00:00,47.3,8.9,897.0,24.0,38,7.9,0.0,0.0,51,346.0,260.0
2026-05-30 20:00:00,47.3,8.9,897.0,22.6,41,5.8,0.0,0.0,31,177.0,110.0
2026-05-30 21:00:00,47.3,8.9,897.0,19.6,43,6.4,0.0,0.0,5,45.0,17.0
2026-05-30 22:00:00,47.3,8.9,897.0,18.9,37,5.6,0.0,0.0,12,0.0,0.0
2026-05-30 23:00:00,47.3,8.9,897.0,16.6,49,6.6,0.0,0.0,0,0.0,0.0
2026-05-31 00:00:00,47.3,8.9,897.0,16.6,51,3.7,0.0,0.0,0,0.0,0.0
2026-05-31 01:00:00,47.3,8.9,897.0,17.2,54,2.9,0.0,0.0,13,0.0,0.0
2026-05-31 02:00:00,47.3,8.9,897.0,16.8,51,3.2,0.0,0.0,43,0.0,0.0
2026-05-31 03:00:00,47.3,8.9,897.0,16.8,47,3.8,0.0,0.0,67,0.0,0.0
2026-05-31 04:00:00,47.3,8.9,897.0,16.5,50,3.1,0.0,0.0,88,0.0,0.0
2026-05-31 05:00:00,47.3,8.9,897.0,16.2,53,2.9,0.0,0.0,65,0.0,0.0
2026-05-31 06:00:00,47.3,8.9,897.0,15.8,53,2.1,0.0,0.0,0,4.0,1.0
2026-05-31 07:00:00,47.3,8.9,897.0,16.7,56,0.4,0.0,0.0,0,76.0,35.0
2026-05-31 08:00:00,47.3,8.9,897.0,19.3,52,4.2,0.0,0.0,100,221.0,144.0
2026-05-31 09:00:00,47.3,8.9,897.0,20.3,46,6.9,0.0,0.0,74,365.0,226.0
2026-05-31 10:00:00,47.3,8.9,897.0,21.2,43,11.0,0.0,0.0,100,544.0,401.0
2026-05-31 11:00:00,47.3,8.9,897.0,22.4,44,14.5,0.0,0.0,11,693.0,542.0
2026-05-31 12:00:00,47.3,8.9,897.0,23.4,42,16.8,0.0,0.0,64,790.0,611.0
2026-05-31 13:00:00,47.3,8.9,897.0,23.8,41,14.8,0.0,0.0,92,786.0,515.0
2026-05-31 14:00:00,47.3,8.9,897.0,24.4,40,15.7,0.0,0.0,100,641.0,254.0
2026-05-31 15:00:00,47.3,8.9,897.0,25.1,37,14.8,0.0,0.0,11,773.0,472.0
2026-05-31 16:00:00,47.3,8.9,897.0,25.8,33,15.1,0.0,0.0,78,792.0,672.0
2026-05-31 17:00:00,47.3,8.9,897.0,20.6,48,21.4,0.0,0.0,100,524.0,290.0
2026-05-31 18:00:00,47.3,8.9,897.0,19.6,64,15.8,0.0,0.0,100,238.0,53.0
2026-05-31 19:00:00,47.3,8.9,897.0,17.8,79,24.6,0.1,0.0,100,145.0,23.0
2026-05-31 20:00:00,47.3,8.9,897.0,16.8,81,10.6,0.3,0.0,100,54.0,2.0
2026-05-31 21:00:00,47.3,8.9,897.0,15.4,92,6.5,1.3,0.0,100,11.0,0.0
2026-05-31 22:00:00,47.3,8.9,897.0,15.3,90,5.4,0.4,0.0,100,0.0,0.0
2026-05-31 23:00:00,47.3,8.9,897.0,14.5,97,8.9,0.5,0.0,100,0.0,0.0
2026-06-01 00:00:00,47.3,8.9,897.0,14.6,92,4.2,0.0,0.0,100,0.0,0.0
2026-06-01 01:00:00,47.3,8.9,897.0,14.2,91,6.2,0.4,0.0,100,0.0,0.0
2026-06-01 02:00:00,47.3,8.9,897.0,13.6,98,3.7,0.2,0.0,100,0.0,0.0
2026-06-01 03:00:00,47.3,8.9,897.0,13.7,91,4.7,0.0,0.0,99,0.0,0.0
2026-06-01 04:00:00,47.3,8.9,897.0,13.2,92,3.2,0.0,0.0,88,0.0,0.0
2026-06-01 05:00:00,47.3,8.9,897.0,13.4,94,6.5,0.0,0.0,99,0.0,0.0
2026-06-01 06:00:00,47.3,8.9,897.0,13.3,94,6.5,0.1,0.0,99,2.0,0.0
2026-06-01 07:00:00,47.3,8.9,897.0,13.4,92,8.2,0.0,0.0,88,35.0,3.0
2026-06-01 08:00:00,47.3,8.9,897.0,13.7,91,7.0,0.0,0.0,96,81.0,4.0
2026-06-01 09:00:00,47.3,8.9,897.0,14.1,90,9.3,0.0,0.0,91,214.0,66.0
2026-06-01 10:00:00,47.3,8.9,897.0,14.5,85,9.7,0.0,0.0,88,305.0,117.0
2026-06-01 11:00:00,47.3,8.9,897.0,15.3,78,9.1,0.0,0.0,60,466.0,200.0
2026-06-01 12:00:00,47.3,8.9,897.0,16.1,72,9.9,0.0,0.0,89,662.0,378.0
2026-06-01 13:00:00,47.3,8.9,897.0,17.2,66,8.0,0.0,0.0,84,750.0,471.0
2026-06-01 14:00:00,47.3,8.9,897.0,18.2,59,6.8,0.0,0.0,100,818.0,523.0
2026-06-01 15:00:00,47.3,8.9,897.0,19.0,57,6.1,0.0,0.0,2,839.0,629.0
2026-06-01 16:00:00,47.3,8.9,897.0,19.5,52,5.9,0.0,0.0,38,791.0,647.0
2026-06-01 17:00:00,47.3,8.9,897.0,19.7,51,4.0,0.0,0.0,95,679.0,563.0
2026-06-01 18:00:00,47.3,8.9,897.0,19.5,52,4.4,0.0,0.0,100,499.0,348.0
2026-06-01 19:00:00,47.3,8.9,897.0,19.1,50,3.7,0.0,0.0,95,325.0,191.0
2026-06-01 20:00:00,47.3,8.9,897.0,18.6,56,2.3,0.0,0.0,88,172.0,87.0
2026-06-01 21:00:00,47.3,8.9,897.0,16.3,67,5.1,0.0,0.0,65,47.0,13.0
2026-06-01 22:00:00,47.3,8.9,897.0,14.1,73,4.7,0.0,0.0,32,0.0,0.0
2026-06-01 23:00:00,47.3,8.9,897.0,13.9,78,4.2,0.0,0.0,99,0.0,0.0
2026-06-02 00:00:00,47.3,8.9,897.0,14.4,73,3.3,0.0,0.0,100,0.0,0.0
2026-06-02 01:00:00,47.3,8.9,897.0,14.9,73,2.9,0.0,0.0,100,0.0,0.0
2026-06-02 02:00:00,47.3,8.9,897.0,14.3,76,1.3,0.0,0.0,99,0.0,0.0
2026-06-02 03:00:00,47.3,8.9,897.0,14.5,72,2.9,0.0,0.0,96,0.0,0.0
2026-06-02 04:00:00,47.3,8.9,897.0,14.0,73,2.6,0.0,0.0,100,0.0,0.0
2026-06-02 05:00:00,47.3,8.9,897.0,13.4,79,3.4,0.0,0.0,94,0.0,0.0
2026-06-02 06:00:00,47.3,8.9,897.0,13.4,79,2.6,0.0,0.0,100,4.0,0.0
2026-06-02 07:00:00,47.3,8.9,897.0,14.5,76,2.7,0.0,0.0,100,58.0,2.0
2026-06-02 08:00:00,47.3,8.9,897.0,15.4,77,3.9,0.0,0.0,100,149.0,18.0
2026-06-02 09:00:00,47.3,8.9,897.0,16.4,69,6.7,0.0,0.0,100,258.0,45.0
2026-06-02 10:00:00,47.3,8.9,897.0,18.2,64,6.8,0.0,0.0,86,503.0,312.0
2026-06-02 11:00:00,47.3,8.9,897.0,18.0,68,8.9,0.0,0.0,74,609.0,350.0
2026-06-02 12:00:00,47.3,8.9,897.0,18.3,68,14.2,0.0,0.0,100,586.0,287.0
2026-06-02 13:00:00,47.3,8.9,897.0,19.3,67,10.5,0.0,0.0,76,661.0,336.0
2026-06-02 14:00:00,47.3,8.9,897.0,20.3,63,8.8,0.0,0.0,73,778.0,451.0
2026-06-02 15:00:00,47.3,8.9,897.0,20.9,58,12.2,0.0,0.0,100,837.0,657.0
2026-06-02 16:00:00,47.3,8.9,897.0,19.4,62,15.9,0.0,0.0,100,494.0,180.0
2026-06-02 17:00:00,47.3,8.9,897.0,12.6,90,14.4,1.7,0.0,100,106.0,5.0
2026-06-02 18:00:00,47.3,8.9,897.0,12.9,91,11.3,4.2,0.0,100,101.0,0.0
2026-06-02 19:00:00,47.3,8.9,897.0,12.8,94,6.9,4.2,0.0,100,39.0,0.0
2026-06-02 20:00:00,47.3,8.9,897.0,12.5,92,18.3,1.5,0.0,100,21.0,1.0
2026-06-02 21:00:00,47.3,8.9,897.0,11.9,89,10.4,1.2,0.0,100,11.0,0.0
2026-06-02 22:00:00,47.3,8.9,897.0,11.3,88,6.6,0.0,0.0,100,0.0,0.0
2026-06-02 23:00:00,47.3,8.9,897.0,11.5,87,5.6,0.1,0.0,100,0.0,0.0
2026-06-03 00:00:00,47.3,8.9,897.0,11.2,92,10.2,0.3,0.0,100,0.0,0.0
2026-06-03 01:00:00,47.3,8.9,897.0,10.8,92,5.1,0.0,0.0,100,0.0,0.0
2026-06-03 02:00:00,47.3,8.9,897.0,11.2,86,5.8,0.0,0.0,100,0.0,0.0
2026-06-03 03:00:00,47.3,8.9,897.0,10.0,94,10.8,0.7,0.0,100,0.0,0.0
2026-06-03 04:00:00,47.3,8.9,897.0,9.7,96,11.9,0.6,0.0,100,0.0,0.0
2026-06-03 05:00:00,47.3,8.9,897.0,9.4,92,10.7,1.0,0.0,100,0.0,0.0
2026-06-03 06:00:00,47.3,8.9,897.0,9.6,92,9.4,0.1,0.0,100,1.0,0.0
2026-06-03 07:00:00,47.3,8.9,897.0,9.8,90,6.4,0.2,0.0,100,10.0,0.0
2026-06-03 08:00:00,47.3,8.9,897.0,10.0,91,8.7,0.1,0.0,100,28.0,2.0
2026-06-03 09:00:00,47.3,8.9,897.0,10.2,91,8.4,0.0,0.0,100,75.0,5.0
2026-06-03 10:00:00,47.3,8.9,897.0,10.5,92,12.4,0.1,0.0,97,148.0,30.0
2026-06-03 11:00:00,47.3,8.9,897.0,10.2,91,12.4,1.9,0.0,95,171.0,17.0
2026-06-03 12:00:00,47.3,8.9,897.0,10.5,91,12.2,0.9,0.0,95,220.0,36.0
2026-06-03 13:00:00,47.3,8.9,897.0,10.1,94,11.7,0.7,0.0,100,138.0,17.0
2026-06-03 14:00:00,47.3,8.9,897.0,12.0,90,12.0,0.0,0.0,92,435.0,148.0
2026-06-03 15:00:00,47.3,8.9,897.0,12.5,81,11.6,0.0,0.0,94,516.0,195.0
2026-06-03 16:00:00,47.3,8.9,897.0,13.1,82,8.4,0.1,0.0,89,302.0,70.0
2026-06-03 17:00:00,47.3,8.9,897.0,14.0,82,9.7,0.0,0.0,77,407.0,139.0
2026-06-03 18:00:00,47.3,8.9,897.0,14.3,77,10.1,0.0,0.0,38,429.0,235.0
2026-06-03 19:00:00,47.3,8.9,897.0,14.1,78,8.4,0.0,0.0,43,291.0,158.0
2026-06-03 20:00:00,47.3,8.9,897.0,13.9,77,6.4,0.0,0.0,23,141.0,62.0
2026-06-03 21:00:00,47.3,8.9,897.0,12.3,87,6.2,0.0,0.0,6,49.0,15.0
2026-06-03 22:00:00,47.3,8.9,897.0,11.4,88,6.6,0.0,0.0,21,0.0,0.0
2026-06-03 23:00:00,47.3,8.9,897.0,11.5,85,8.0,0.0,0.0,100,0.0,0.0
2026-06-04 00:00:00,47.3,8.9,897.0,11.2,82,9.0,0.0,0.0,11,0.0,0.0
2026-06-04 01:00:00,47.3,8.9,897.0,10.8,81,7.9,0.0,0.0,100,0.0,0.0
2026-06-04 02:00:00,47.3,8.9,897.0,10.9,78,6.6,0.0,0.0,95,0.0,0.0
2026-06-04 03:00:00,47.3,8.9,897.0,11.4,73,5.5,0.0,0.0,62,0.0,0.0
2026-06-04 04:00:00,47.3,8.9,897.0,10.9,76,4.5,0.0,0.0,34,0.0,0.0
2026-06-04 05:00:00,47.3,8.9,897.0,10.8,79,4.3,0.0,0.0,86,0.0,0.0
2026-06-04 06:00:00,47.3,8.9,897.0,10.9,80,5.7,0.0,0.0,93,4.0,0.0
2026-06-04 07:00:00,47.3,8.9,897.0,11.6,81,5.1,0.0,0.0,100,64.0,9.0
2026-06-04 08:00:00,47.3,8.9,897.0,12.5,78,6.1,0.0,0.0,100,124.0,7.0
2026-06-04 09:00:00,47.3,8.9,897.0,13.6,73,8.7,0.0,0.0,100,234.0,34.0
2026-06-04 10:00:00,47.3,8.9,897.0,14.2,70,10.3,0.0,0.0,100,324.0,44.0
2026-06-04 11:00:00,47.3,8.9,897.0,15.6,65,9.2,0.0,0.0,100,509.0,172.0
2026-06-04 12:00:00,47.3,8.9,897.0,16.5,63,10.4,0.0,0.0,100,603.0,216.0
2026-06-04 13:00:00,47.3,8.9,897.0,17.3,65,12.5,0.0,0.0,100,670.0,312.0
2026-06-04 14:00:00,47.3,8.9,897.0,16.9,68,16.2,0.0,0.0,100,575.0,186.0
2026-06-04 15:00:00,47.3,8.9,897.0,15.3,80,11.2,0.5,0.0,100,233.0,0.0
2026-06-04 16:00:00,47.3,8.9,897.0,13.9,90,11.9,2.4,0.0,100,144.0,0.0
2026-06-04 17:00:00,47.3,8.9,897.0,11.9,92,10.0,3.6,0.0,100,98.0,1.0
2026-06-04 18:00:00,47.3,8.9,897.0,11.8,90,20.8,1.1,0.0,100,68.0,0.0
2026-06-04 19:00:00,47.3,8.9,897.0,11.2,92,16.1,1.5,0.0,100,92.0,0.0
2026-06-04 20:00:00,47.3,8.9,897.0,10.6,90,13.6,1.9,0.0,100,49.0,2.0
2026-06-04 21:00:00,47.3,8.9,897.0,10.2,91,13.9,1.8,0.0,100,11.0,0.0
2026-06-04 22:00:00,47.3,8.9,897.0,10.2,89,9.5,1.7,0.0,100,0.0,0.0
2026-06-04 23:00:00,47.3,8.9,897.0,9.8,95,7.1,1.2,0.0,100,0.0,0.0
2026-06-05 00:00:00,47.3,8.9,897.0,9.8,95,6.7,0.7,0.0,100,0.0,0.0
2026-06-05 01:00:00,47.3,8.9,897.0,9.7,92,7.3,0.8,0.0,100,0.0,0.0
2026-06-05 02:00:00,47.3,8.9,897.0,9.4,93,6.1,1.6,0.0,100,0.0,0.0
2026-06-05 03:00:00,47.3,8.9,897.0,9.2,94,9.1,1.6,0.0,100,0.0,0.0
2026-06-05 04:00:00,47.3,8.9,897.0,9.0,95,7.8,0.4,0.0,100,0.0,0.0
2026-06-05 05:00:00,47.3,8.9,897.0,8.9,94,6.6,0.0,0.0,94,0.0,0.0
2026-06-05 06:00:00,47.3,8.9,897.0,8.6,93,5.6,0.0,0.0,77,4.0,0.0
2026-06-05 07:00:00,47.3,8.9,897.0,9.3,92,4.3,0.0,0.0,99,45.0,6.0
2026-06-05 08:00:00,47.3,8.9,897.0,10.2,90,5.8,0.1,0.0,77,100.0,16.0
2026-06-05 09:00:00,47.3,8.9,897.0,10.5,89,6.2,0.1,0.0,96,181.0,33.0
2026-06-05 10:00:00,47.3,8.9,897.0,10.2,89,10.5,0.0,0.0,91,159.0,30.0
2026-06-05 11:00:00,47.3,8.9,897.0,11.0,85,4.4,0.2,0.0,100,288.0,81.0
2026-06-05 12:00:00,47.3,8.9,897.0,11.6,83,5.9,0.1,0.0,96,297.0,40.0
2026-06-05 13:00:00,47.3,8.9,897.0,12.8,77,5.8,0.0,0.0,98,529.0,161.0
2026-06-05 14:00:00,47.3,8.9,897.0,13.1,80,6.1,0.0,0.0,99,499.0,159.0
2026-06-05 15:00:00,47.3,8.9,897.0,13.1,78,7.1,0.0,0.0,100,457.0,107.0
2026-06-05 16:00:00,47.3,8.9,897.0,13.8,68,5.4,0.0,0.0,86,467.0,174.0
2026-06-05 17:00:00,47.3,8.9,897.0,13.1,76,6.2,0.0,0.0,100,395.0,120.0
2026-06-05 18:00:00,47.3,8.9,897.0,13.9,67,4.2,0.0,0.0,8,345.0,173.0
2026-06-05 19:00:00,47.3,8.9,897.0,13.8,67,2.1,0.0,0.0,0,362.0,271.0
2026-06-05 20:00:00,47.3,8.9,897.0,13.3,70,1.5,0.0,0.0,28,190.0,121.0
2026-06-05 21:00:00,47.3,8.9,897.0,12.0,77,2.5,0.0,0.0,53,52.0,17.0
2026-06-05 22:00:00,47.3,8.9,897.0,11.0,79,3.5,0.0,0.0,99,1.0,0.0
2026-06-05 23:00:00,47.3,8.9,897.0,10.5,84,5.5,0.0,0.0,71,0.0,0.0
2026-06-06 00:00:00,47.3,8.9,897.0,10.1,86,6.8,0.0,0.0,95,0.0,0.0
2026-06-06 01:00:00,47.3,8.9,897.0,9.7,85,7.2,0.0,0.0,0,0.0,0.0
2026-06-06 02:00:00,47.3,8.9,897.0,9.0,87,5.2,0.0,0.0,11,0.0,0.0
2026-06-06 03:00:00,47.3,8.9,897.0,8.3,88,4.6,0.0,0.0,14,0.0,0.0
2026-06-06 04:00:00,47.3,8.9,897.0,8.3,82,1.1,0.0,0.0,100,0.0,0.0
2026-06-06 05:00:00,47.3,8.9,897.0,8.7,79,1.9,0.0,0.0,100,0.0,0.0
2026-06-06 06:00:00,47.3,8.9,897.0,8.7,80,2.5,0.0,0.0,83,4.8,0.0
2026-06-06 07:00:00,47.3,8.9,897.0,9.7,84,1.9,0.0,0.0,78,57.5,8.0
2026-06-06 08:00:00,47.3,8.9,897.0,10.8,83,1.9,0.0,0.0,100,90.0,8.5
2026-06-06 09:00:00,47.3,8.9,897.0,11.6,82,0.8,0.0,0.0,100,84.0,3.0
2026-06-06 10:00:00,47.3,8.9,897.0,12.5,77,6.7,0.0,0.0,100,198.0,7.0
2026-06-06 11:00:00,47.3,8.9,897.0,13.4,78,2.5,0.0,0.0,98,210.0,14.0
2026-06-06 12:00:00,47.3,8.9,897.0,14.3,71,5.2,0.0,0.0,74,422.0,141.0
2026-06-06 13:00:00,47.3,8.9,897.0,15.4,66,6.9,0.0,0.0,69,658.0,342.0
2026-06-06 14:00:00,47.3,8.9,897.0,16.1,59,6.9,0.0,0.0,62,757.0,448.0
2026-06-06 15:00:00,47.3,8.9,897.0,17.2,57,12.1,0.0,0.0,64,763.0,456.0
2026-06-06 16:00:00,47.3,8.9,897.0,17.8,56,11.6,0.0,0.0,72,639.0,345.0
2026-06-06 17:00:00,47.3,8.9,897.0,17.9,53,10.9,0.0,0.0,65,508.0,265.0
2026-06-06 18:00:00,47.3,8.9,897.0,17.8,49,11.6,0.0,0.0,77,404.0,215.0
2026-06-06 19:00:00,47.3,8.9,897.0,17.1,54,12.4,0.0,0.0,77,214.0,92.0
2026-06-06 20:00:00,47.3,8.9,897.0,14.6,68,6.5,0.0,0.0,75,114.0,39.0
2026-06-06 21:00:00,47.3,8.9,897.0,13.8,75,2.0,0.0,0.0,67,38.0,6.0
2026-06-06 22:00:00,47.3,8.9,897.0,13.0,75,3.6,0.0,0.0,34,1.0,0.0
2026-06-06 23:00:00,47.3,8.9,897.0,12.5,77,4.7,0.0,0.0,35,0.0,0.0
2026-05-28 00:00:00,47.3,9.199999,944.0,15.8,85,5.6,0.7,0.0,100,0.0,0.0
2026-05-28 01:00:00,47.3,9.199999,944.0,15.5,77,6.6,0.0,0.0,74,0.0,0.0
2026-05-28 02:00:00,47.3,9.199999,944.0,15.2,82,7.6,0.0,0.0,70,0.0,0.0
2026-05-28 03:00:00,47.3,9.199999,944.0,14.1,84,6.8,0.0,0.0,12,0.0,0.0
2026-05-28 04:00:00,47.3,9.199999,944.0,13.1,87,6.0,0.0,0.0,0,0.0,0.0
2026-05-28 05:00:00,47.3,9.199999,944.0,12.4,89,6.6,0.0,0.0,0,0.0,0.0
2026-05-28 06:00:00,47.3,9.199999,944.0,12.4,87,5.6,0.0,0.0,0,4.0,1.0
2026-05-28 07:00:00,47.3,9.199999,944.0,14.3,83,2.9,0.0,0.0,0,78.0,36.0
2026-05-28 08:00:00,47.3,9.199999,944.0,16.4,86,0.8,0.0,0.0,0,229.0,157.0
2026-05-28 09:00:00,47.3,9.199999,944.0,17.5,85,1.6,0.0,0.0,0,401.0,309.0
2026-05-28 10:00:00,47.3,9.199999,944.0,19.0,80,5.4,0.0,0.0,0,571.0,470.0
2026-05-28 11:00:00,47.3,9.199999,944.0,19.5,72,7.6,0.0,0.0,0,712.0,584.0
2026-05-28 12:00:00,47.3,9.199999,944.0,20.5,66,9.5,0.0,0.0,0,826.0,698.0
2026-05-28 13:00:00,47.3,9.199999,944.0,21.5,54,10.9,0.0,0.0,0,897.0,776.0
2026-05-28 14:00:00,47.3,9.199999,944.0,22.1,47,11.4,0.0,0.0,0,916.0,797.0
2026-05-28 15:00:00,47.3,9.199999,944.0,22.6,43,11.1,0.0,0.0,0,884.0,767.0
2026-05-28 16:00:00,47.3,9.199999,944.0,22.8,42,11.5,0.0,0.0,0,803.0,691.0
2026-05-28 17:00:00,47.3,9.199999,944.0,22.5,42,9.4,0.0,0.0,0,679.0,574.0
2026-05-28 18:00:00,47.3,9.199999,944.0,22.1,44,8.5,0.0,0.0,0,522.0,428.0
2026-05-28 19:00:00,47.3,9.199999,944.0,21.3,53,7.6,0.0,0.0,0,347.0,264.0
2026-05-28 20:00:00,47.3,9.199999,944.0,19.4,65,4.5,0.0,0.0,100,174.0,111.0
2026-05-28 21:00:00,47.3,9.199999,944.0,16.8,69,6.8,0.0,0.0,40,35.0,3.0
2026-05-28 22:00:00,47.3,9.199999,944.0,15.7,66,8.6,0.0,0.0,1,0.0,0.0
2026-05-28 23:00:00,47.3,9.199999,944.0,15.2,65,8.7,0.0,0.0,0,0.0,0.0
2026-05-29 00:00:00,47.3,9.199999,944.0,14.3,71,7.0,0.0,0.0,0,0.0,0.0
2026-05-29 01:00:00,47.3,9.199999,944.0,13.3,76,4.5,0.0,0.0,0,0.0,0.0
2026-05-29 02:00:00,47.3,9.199999,944.0,12.4,78,5.5,0.0,0.0,0,0.0,0.0
2026-05-29 03:00:00,47.3,9.199999,944.0,11.6,80,7.0,0.0,0.0,0,0.0,0.0
2026-05-29 04:00:00,47.3,9.199999,944.0,11.4,81,6.8,0.0,0.0,0,0.0,0.0
2026-05-29 05:00:00,47.3,9.199999,944.0,12.7,70,2.3,0.0,0.0,0,0.0,0.0
2026-05-29 06:00:00,47.3,9.199999,944.0,12.3,70,2.3,0.0,0.0,67,4.0,0.0
2026-05-29 07:00:00,47.3,9.199999,944.0,13.4,70,1.8,0.0,0.0,63,78.0,32.0
2026-05-29 08:00:00,47.3,9.199999,944.0,15.5,68,0.8,0.0,0.0,0,226.0,146.0
2026-05-29 09:00:00,47.3,9.199999,944.0,16.7,70,1.5,0.0,0.0,0,402.0,307.0
2026-05-29 10:00:00,47.3,9.199999,944.0,18.8,65,4.0,0.0,0.0,1,572.0,463.0
2026-05-29 11:00:00,47.3,9.199999,944.0,19.9,59,6.8,0.0,0.0,8,722.0,605.0
2026-05-29 12:00:00,47.3,9.199999,944.0,20.9,54,8.1,0.0,0.0,56,834.0,703.0
2026-05-29 13:00:00,47.3,9.199999,944.0,22.1,49,9.8,0.0,0.0,79,899.0,756.0
2026-05-29 14:00:00,47.3,9.199999,944.0,22.7,42,9.4,0.0,0.0,31,919.0,774.0
2026-05-29 15:00:00,47.3,9.199999,944.0,23.3,35,11.4,0.0,0.0,0,896.0,772.0
2026-05-29 16:00:00,47.3,9.199999,944.0,23.2,32,12.0,0.0,0.0,0,813.0,697.0
2026-05-29 17:00:00,47.3,9.199999,944.0,23.1,27,10.4,0.0,0.0,0,691.0,584.0
2026-05-29 18:00:00,47.3,9.199999,944.0,22.7,34,8.7,0.0,0.0,0,537.0,441.0
2026-05-29 19:00:00,47.3,9.199999,944.0,21.7,42,7.3,0.0,0.0,0,357.0,274.0
2026-05-29 20:00:00,47.3,9.199999,944.0,19.8,43,5.4,0.0,0.0,0,183.0,120.0
2026-05-29 21:00:00,47.3,9.199999,944.0,16.1,43,8.9,0.0,0.0,0,45.0,18.0
2026-05-29 22:00:00,47.3,9.199999,944.0,14.7,44,9.7,0.0,0.0,0,0.0,0.0
2026-05-29 23:00:00,47.3,9.199999,944.0,14.3,50,8.9,0.0,0.0,0,0.0,0.0
2026-05-30 00:00:00,47.3,9.199999,944.0,13.8,50,9.2,0.0,0.0,33,0.0,0.0
2026-05-30 01:00:00,47.3,9.199999,944.0,13.9,47,9.7,0.0,0.0,100,0.0,0.0
2026-05-30 02:00:00,47.3,9.199999,944.0,14.1,49,8.9,0.0,0.0,75,0.0,0.0
2026-05-30 03:00:00,47.3,9.199999,944.0,14.2,46,9.2,0.0,0.0,0,0.0,0.0
2026-05-30 04:00:00,47.3,9.199999,944.0,14.1,50,8.7,0.0,0.0,0,0.0,0.0
2026-05-30 05:00:00,47.3,9.199999,944.0,13.0,55,6.9,0.0,0.0,28,0.0,0.0
2026-05-30 06:00:00,47.3,9.199999,944.0,11.9,59,7.6,0.0,0.0,100,4.0,0.0
2026-05-30 07:00:00,47.3,9.199999,944.0,13.4,68,4.4,0.0,0.0,100,77.0,28.0
2026-05-30 08:00:00,47.3,9.199999,944.0,15.3,72,0.8,0.0,0.0,100,179.0,48.0
2026-05-30 09:00:00,47.3,9.199999,944.0,17.5,58,0.7,0.0,0.0,100,316.0,122.0
2026-05-30 10:00:00,47.3,9.199999,944.0,18.5,61,1.3,0.0,0.0,100,473.0,222.0
2026-05-30 11:00:00,47.3,9.199999,944.0,20.3,56,2.6,0.0,0.0,100,613.0,330.0
2026-05-30 12:00:00,47.3,9.199999,944.0,22.3,46,5.2,0.0,0.0,99,792.0,593.0
2026-05-30 13:00:00,47.3,9.199999,944.0,23.7,50,8.6,0.0,0.0,96,881.0,716.0
2026-05-30 14:00:00,47.3,9.199999,944.0,23.7,45,9.0,0.0,0.0,100,835.0,562.0
2026-05-30 15:00:00,47.3,9.199999,944.0,24.4,43,11.1,0.0,0.0,100,858.0,696.0
2026-05-30 16:00:00,47.3,9.199999,944.0,24.3,41,5.8,0.0,0.0,100,772.0,607.0
2026-05-30 17:00:00,47.3,9.199999,944.0,24.7,36,7.3,0.0,0.0,46,662.0,536.0
2026-05-30 18:00:00,47.3,9.199999,944.0,24.2,39,7.6,0.0,0.0,0,517.0,418.0
2026-05-30 19:00:00,47.3,9.199999,944.0,23.4,38,5.0,0.0,0.0,19,347.0,264.0
2026-05-30 20:00:00,47.3,9.199999,944.0,22.3,47,2.3,0.0,0.0,48,179.0,117.0
2026-05-30 21:00:00,47.3,9.199999,944.0,19.3,51,7.1,0.0,0.0,100,35.0,7.0
2026-05-30 22:00:00,47.3,9.199999,944.0,17.5,50,7.7,0.0,0.0,47,0.0,0.0
2026-05-30 23:00:00,47.3,9.199999,944.0,16.8,55,6.6,0.0,0.0,0,0.0,0.0
2026-05-31 00:00:00,47.3,9.199999,944.0,16.1,53,7.2,0.0,0.0,5,0.0,0.0
2026-05-31 01:00:00,47.3,9.199999,944.0,16.4,50,6.7,0.0,0.0,6,0.0,0.0
2026-05-31 02:00:00,47.3,9.199999,944.0,17.0,48,5.2,0.0,0.0,55,0.0,0.0
2026-05-31 03:00:00,47.3,9.199999,944.0,15.1,51,8.2,0.0,0.0,70,0.0,0.0
2026-05-31 04:00:00,47.3,9.199999,944.0,14.8,57,7.8,0.0,0.0,78,0.0,0.0
2026-05-31 05:00:00,47.3,9.199999,944.0,16.5,53,5.0,0.0,0.0,73,0.0,0.0
2026-05-31 06:00:00,47.3,9.199999,944.0,15.1,53,7.1,0.0,0.0,11,5.0,1.0
2026-05-31 07:00:00,47.3,9.199999,944.0,15.9,60,6.5,0.0,0.0,8,83.0,42.0
2026-05-31 08:00:00,47.3,9.199999,944.0,18.2,66,4.0,0.0,0.0,100,233.0,163.0
2026-05-31 09:00:00,47.3,9.199999,944.0,20.5,48,5.2,0.0,0.0,100,381.0,252.0
2026-05-31 10:00:00,47.3,9.199999,944.0,21.2,42,9.7,0.0,0.0,53,545.0,391.0
2026-05-31 11:00:00,47.3,9.199999,944.0,22.3,42,11.8,0.0,0.0,100,703.0,555.0
2026-05-31 12:00:00,47.3,9.199999,944.0,23.4,39,16.2,0.0,0.0,26,828.0,706.0
2026-05-31 13:00:00,47.3,9.199999,944.0,24.3,35,14.2,0.0,0.0,100,887.0,739.0
2026-05-31 14:00:00,47.3,9.199999,944.0,24.0,39,13.5,0.0,0.0,100,789.0,504.0
2026-05-31 15:00:00,47.3,9.199999,944.0,24.9,35,13.7,0.0,0.0,95,767.0,450.0
2026-05-31 16:00:00,47.3,9.199999,944.0,25.2,34,14.5,0.0,0.0,11,794.0,677.0
2026-05-31 17:00:00,47.3,9.199999,944.0,20.3,69,28.8,0.0,0.0,100,557.0,371.0
2026-05-31 18:00:00,47.3,9.199999,944.0,19.5,50,12.3,0.0,0.0,100,114.0,2.0
2026-05-31 19:00:00,47.3,9.199999,944.0,18.2,75,13.4,0.0,0.0,100,123.0,5.0
2026-05-31 20:00:00,47.3,9.199999,944.0,16.6,79,10.1,0.1,0.0,100,59.0,5.0
2026-05-31 21:00:00,47.3,9.199999,944.0,15.5,89,5.6,0.6,0.0,100,17.0,0.0
2026-05-31 22:00:00,47.3,9.199999,944.0,14.9,90,7.9,0.6,0.0,100,0.0,0.0
2026-05-31 23:00:00,47.3,9.199999,944.0,14.3,90,9.1,1.0,0.0,100,0.0,0.0
2026-06-01 00:00:00,47.3,9.199999,944.0,13.8,90,4.5,0.0,0.0,100,0.0,0.0
2026-06-01 01:00:00,47.3,9.199999,944.0,13.6,90,4.5,0.1,0.0,100,0.0,0.0
2026-06-01 02:00:00,47.3,9.199999,944.0,13.0,89,6.5,0.5,0.0,97,0.0,0.0
2026-06-01 03:00:00,47.3,9.199999,944.0,12.2,93,5.7,0.0,0.0,82,0.0,0.0
2026-06-01 04:00:00,47.3,9.199999,944.0,12.2,93,4.4,0.0,0.0,94,0.0,0.0
2026-06-01 05:00:00,47.3,9.199999,944.0,12.5,94,3.7,0.1,0.0,100,0.0,0.0
2026-06-01 06:00:00,47.3,9.199999,944.0,12.5,95,2.5,0.1,0.0,96,1.0,0.0
2026-06-01 07:00:00,47.3,9.199999,944.0,12.9,94,5.1,0.0,0.0,100,31.0,3.0
2026-06-01 08:00:00,47.3,9.199999,944.0,13.3,91,6.2,0.0,0.0,97,106.0,21.0
2026-06-01 09:00:00,47.3,9.199999,944.0,13.8,87,8.4,0.0,0.0,81,259.0,100.0
2026-06-01 10:00:00,47.3,9.199999,944.0,13.9,88,7.4,0.0,0.0,100,290.0,118.0
2026-06-01 11:00:00,47.3,9.199999,944.0,14.6,87,7.8,0.0,0.0,86,267.0,119.0
2026-06-01 12:00:00,47.3,9.199999,944.0,15.7,74,8.7,0.0,0.0,50,584.0,293.0
2026-06-01 13:00:00,47.3,9.199999,944.0,16.3,69,8.7,0.0,0.0,85,701.0,425.0
2026-06-01 14:00:00,47.3,9.199999,944.0,17.6,60,7.3,0.0,0.0,100,726.0,423.0
2026-06-01 15:00:00,47.3,9.199999,944.0,18.2,55,7.1,0.0,0.0,77,776.0,487.0
2026-06-01 16:00:00,47.3,9.199999,944.0,18.9,51,5.9,0.0,0.0,34,662.0,409.0
2026-06-01 17:00:00,47.3,9.199999,944.0,19.5,47,6.1,0.0,0.0,99,559.0,346.0
2026-06-01 18:00:00,47.3,9.199999,944.0,18.7,50,7.6,0.0,0.0,100,442.0,250.0
2026-06-01 19:00:00,47.3,9.199999,944.0,18.0,59,7.0,0.0,0.0,85,317.0,171.0
2026-06-01 20:00:00,47.3,9.199999,944.0,17.1,69,4.3,0.0,0.0,77,172.0,92.0
2026-06-01 21:00:00,47.3,9.199999,944.0,14.5,81,5.8,0.0,0.0,91,46.0,14.0
2026-06-01 22:00:00,47.3,9.199999,944.0,12.5,82,6.9,0.0,0.0,48,0.0,0.0
2026-06-01 23:00:00,47.3,9.199999,944.0,12.1,80,6.3,0.0,0.0,63,0.0,0.0
2026-06-02 00:00:00,47.3,9.199999,944.0,11.5,82,7.4,0.0,0.0,100,0.0,0.0
2026-06-02 01:00:00,47.3,9.199999,944.0,11.9,86,7.0,0.0,0.0,100,0.0,0.0
2026-06-02 02:00:00,47.3,9.199999,944.0,12.2,79,6.2,0.0,0.0,100,0.0,0.0
2026-06-02 03:00:00,47.3,9.199999,944.0,12.4,80,6.1,0.0,0.0,99,0.0,0.0
2026-06-02 04:00:00,47.3,9.199999,944.0,12.1,81,6.6,0.0,0.0,100,0.0,0.0
2026-06-02 05:00:00,47.3,9.199999,944.0,12.1,84,7.4,0.0,0.0,81,0.0,0.0
2026-06-02 06:00:00,47.3,9.199999,944.0,11.9,86,6.9,0.0,0.0,100,4.0,0.0
2026-06-02 07:00:00,47.3,9.199999,944.0,13.1,87,6.1,0.0,0.0,100,55.0,0.0
2026-06-02 08:00:00,47.3,9.199999,944.0,15.2,84,4.7,0.0,0.0,100,125.0,5.0
2026-06-02 09:00:00,47.3,9.199999,944.0,16.9,71,4.5,0.0,0.0,100,254.0,41.0
2026-06-02 10:00:00,47.3,9.199999,944.0,18.1,65,6.2,0.0,0.0,77,407.0,125.0
2026-06-02 11:00:00,47.3,9.199999,944.0,18.6,65,8.9,0.0,0.0,32,543.0,249.0
2026-06-02 12:00:00,47.3,9.199999,944.0,19.2,62,13.9,0.0,0.0,91,732.0,495.0
2026-06-02 13:00:00,47.3,9.199999,944.0,19.7,59,9.5,0.0,0.0,92,731.0,449.0
2026-06-02 14:00:00,47.3,9.199999,944.0,20.3,58,6.5,0.0,0.0,63,850.0,613.0
2026-06-02 15:00:00,47.3,9.199999,944.0,21.3,58,5.7,0.0,0.0,50,802.0,564.0
2026-06-02 16:00:00,47.3,9.199999,944.0,20.4,57,9.2,0.0,0.0,100,540.0,251.0
2026-06-02 17:00:00,47.3,9.199999,944.0,12.8,87,15.4,3.4,0.0,100,91.0,15.0
2026-06-02 18:00:00,47.3,9.199999,944.0,12.4,89,10.0,2.0,0.0,100,76.0,0.0
2026-06-02 19:00:00,47.3,9.199999,944.0,12.8,91,5.4,1.6,0.0,100,54.0,0.0
2026-06-02 20:00:00,47.3,9.199999,944.0,12.5,91,13.0,3.6,0.0,100,18.0,0.0
2026-06-02 21:00:00,47.3,9.199999,944.0,11.4,88,10.7,0.9,0.0,98,7.0,0.0
2026-06-02 22:00:00,47.3,9.199999,944.0,11.1,75,9.2,0.1,0.0,100,0.0,0.0
2026-06-02 23:00:00,47.3,9.199999,944.0,10.7,84,6.5,0.0,0.0,100,0.0,0.0
2026-06-03 00:00:00,47.3,9.199999,944.0,10.5,89,12.1,0.1,0.0,100,0.0,0.0
2026-06-03 01:00:00,47.3,9.199999,944.0,10.4,86,8.3,0.0,0.0,100,0.0,0.0
2026-06-03 02:00:00,47.3,9.199999,944.0,9.7,88,6.5,0.0,0.0,100,0.0,0.0
2026-06-03 03:00:00,47.3,9.199999,944.0,9.9,89,7.3,0.0,0.0,100,0.0,0.0
2026-06-03 04:00:00,47.3,9.199999,944.0,9.7,95,12.8,0.3,0.0,100,0.0,0.0
2026-06-03 05:00:00,47.3,9.199999,944.0,9.0,92,9.8,1.2,0.0,100,0.0,0.0
2026-06-03 06:00:00,47.3,9.199999,944.0,8.9,90,8.6,0.1,0.0,100,2.0,0.0
2026-06-03 07:00:00,47.3,9.199999,944.0,9.0,89,7.6,0.0,0.0,100,35.0,2.0
2026-06-03 08:00:00,47.3,9.199999,944.0,9.5,88,8.1,0.1,0.0,97,38.0,2.0
2026-06-03 09:00:00,47.3,9.199999,944.0,9.9,89,9.7,0.0,0.0,81,170.0,51.0
2026-06-03 10:00:00,47.3,9.199999,944.0,10.4,91,9.7,0.0,0.0,100,209.0,48.0
2026-06-03 11:00:00,47.3,9.199999,944.0,10.3,91,13.5,0.6,0.0,96,151.0,27.0
2026-06-03 12:00:00,47.3,9.199999,944.0,10.3,89,13.6,0.1,0.0,90,285.0,62.0
2026-06-03 13:00:00,47.3,9.199999,944.0,9.9,88,14.0,0.1,0.0,100,362.0,117.0
2026-06-03 14:00:00,47.3,9.199999,944.0,12.0,83,13.6,0.2,0.0,80,308.0,82.0
2026-06-03 15:00:00,47.3,9.199999,944.0,12.9,75,11.3,0.0,0.0,97,658.0,339.0
2026-06-03 16:00:00,47.3,9.199999,944.0,11.9,85,6.4,0.0,0.0,88,278.0,59.0
2026-06-03 17:00:00,47.3,9.199999,944.0,13.4,75,9.8,0.0,0.0,68,367.0,141.0
2026-06-03 18:00:00,47.3,9.199999,944.0,13.8,75,9.7,0.0,0.0,88,434.0,234.0
2026-06-03 19:00:00,47.3,9.199999,944.0,13.5,81,6.6,0.0,0.0,19,278.0,154.0
2026-06-03 20:00:00,47.3,9.199999,944.0,13.1,79,4.9,0.0,0.0,18,186.0,116.0
2026-06-03 21:00:00,47.3,9.199999,944.0,11.2,85,5.9,0.0,0.0,0,50.0,19.0
2026-06-03 22:00:00,47.3,9.199999,944.0,10.2,83,7.3,0.0,0.0,0,0.0,0.0
2026-06-03 23:00:00,47.3,9.199999,944.0,10.8,77,8.6,0.0,0.0,100,0.0,0.0
2026-06-04 00:00:00,47.3,9.199999,944.0,10.9,75,7.9,0.0,0.0,100,0.0,0.0
2026-06-04 01:00:00,47.3,9.199999,944.0,10.4,77,7.8,0.0,0.0,100,0.0,0.0
2026-06-04 02:00:00,47.3,9.199999,944.0,10.1,81,6.2,0.0,0.0,54,0.0,0.0
2026-06-04 03:00:00,47.3,9.199999,944.0,9.2,86,7.0,0.0,0.0,61,0.0,0.0
2026-06-04 04:00:00,47.3,9.199999,944.0,8.7,87,7.2,0.0,0.0,0,0.0,0.0
2026-06-04 05:00:00,47.3,9.199999,944.0,8.9,85,7.0,0.0,0.0,97,0.0,0.0
2026-06-04 06:00:00,47.3,9.199999,944.0,9.1,86,6.5,0.0,0.0,100,5.0,0.0
2026-06-04 07:00:00,47.3,9.199999,944.0,10.4,89,5.2,0.0,0.0,66,75.0,22.0
2026-06-04 08:00:00,47.3,9.199999,944.0,12.4,81,4.0,0.0,0.0,100,156.0,37.0
2026-06-04 09:00:00,47.3,9.199999,944.0,14.1,73,6.6,0.0,0.0,96,285.0,78.0
2026-06-04 10:00:00,47.3,9.199999,944.0,14.5,71,8.5,0.0,0.0,100,334.0,66.0
2026-06-04 11:00:00,47.3,9.199999,944.0,15.7,63,6.0,0.0,0.0,100,514.0,171.0
2026-06-04 12:00:00,47.3,9.199999,944.0,16.6,61,3.9,0.0,0.0,100,540.0,144.0
2026-06-04 13:00:00,47.3,9.199999,944.0,17.5,60,9.2,0.0,0.0,100,653.0,255.0
2026-06-04 14:00:00,47.3,9.199999,944.0,17.4,60,11.2,0.0,0.0,100,642.0,290.0
2026-06-04 15:00:00,47.3,9.199999,944.0,15.3,78,7.6,0.4,0.0,100,192.0,17.0
2026-06-04 16:00:00,47.3,9.199999,944.0,14.1,88,8.7,1.5,0.0,100,87.0,1.0
2026-06-04 17:00:00,47.3,9.199999,944.0,13.1,90,8.7,5.8,0.0,100,76.0,0.0
2026-06-04 18:00:00,47.3,9.199999,944.0,11.7,88,16.8,5.2,0.0,100,70.0,0.0
2026-06-04 19:00:00,47.3,9.199999,944.0,10.9,90,13.0,0.3,0.0,100,57.0,0.0
2026-06-04 20:00:00,47.3,9.199999,944.0,10.3,89,9.7,0.5,0.0,100,40.0,0.0
2026-06-04 21:00:00,47.3,9.199999,944.0,9.9,90,8.9,0.5,0.0,100,13.0,0.0
2026-06-04 22:00:00,47.3,9.199999,944.0,9.7,92,6.2,1.1,0.0,100,0.0,0.0
2026-06-04 23:00:00,47.3,9.199999,944.0,9.7,88,7.3,1.7,0.0,100,0.0,0.0
2026-06-05 00:00:00,47.3,9.199999,944.0,9.5,88,6.8,1.0,0.0,100,0.0,0.0
2026-06-05 01:00:00,47.3,9.199999,944.0,9.5,87,7.6,1.0,0.0,100,0.0,0.0
2026-06-05 02:00:00,47.3,9.199999,944.0,9.3,89,6.3,1.8,0.0,100,0.0,0.0
2026-06-05 03:00:00,47.3,9.199999,944.0,9.1,90,7.1,2.5,0.0,100,0.0,0.0
2026-06-05 04:00:00,47.3,9.199999,944.0,8.9,90,6.3,1.4,0.0,100,0.0,0.0
2026-06-05 05:00:00,47.3,9.199999,944.0,8.8,90,5.8,0.6,0.0,100,0.0,0.0
2026-06-05 06:00:00,47.3,9.199999,944.0,8.7,90,5.8,0.0,0.0,66,3.0,0.0
2026-06-05 07:00:00,47.3,9.199999,944.0,9.1,91,5.0,0.0,0.0,77,61.0,14.0
2026-06-05 08:00:00,47.3,9.199999,944.0,10.1,88,4.7,0.0,0.0,92,133.0,47.0
2026-06-05 09:00:00,47.3,9.199999,944.0,10.5,87,8.0,0.0,0.0,85,230.0,68.0
2026-06-05 10:00:00,47.3,9.199999,944.0,10.7,86,6.8,0.1,0.0,87,320.0,122.0
2026-06-05 11:00:00,47.3,9.199999,944.0,10.7,82,3.8,0.0,0.0,92,245.0,69.0
2026-06-05 12:00:00,47.3,9.199999,944.0,11.0,84,6.3,0.0,0.0,99,291.0,48.0
2026-06-05 13:00:00,47.3,9.199999,944.0,12.2,74,4.4,0.0,0.0,96,435.0,138.0
2026-06-05 14:00:00,47.3,9.199999,944.0,12.8,73,1.6,0.0,0.0,98,464.0,124.0
2026-06-05 15:00:00,47.3,9.199999,944.0,13.6,68,4.0,0.0,0.0,83,593.0,272.0
2026-06-05 16:00:00,47.3,9.199999,944.0,13.9,72,8.1,0.0,0.0,82,515.0,255.0
2026-06-05 17:00:00,47.3,9.199999,944.0,13.7,74,5.2,0.0,0.0,87,444.0,207.0
2026-06-05 18:00:00,47.3,9.199999,944.0,13.7,76,7.0,0.0,0.0,80,332.0,145.0
2026-06-05 19:00:00,47.3,9.199999,944.0,13.4,74,5.0,0.0,0.0,36,258.0,131.0
2026-06-05 20:00:00,47.3,9.199999,944.0,12.7,78,2.9,0.0,0.0,30,165.0,80.0
2026-06-05 21:00:00,47.3,9.199999,944.0,11.5,85,3.6,0.0,0.0,98,47.0,13.0
2026-06-05 22:00:00,47.3,9.199999,944.0,10.6,86,4.7,0.0,0.0,95,0.0,0.0
2026-06-05 23:00:00,47.3,9.199999,944.0,10.7,84,4.9,0.0,0.0,100,0.0,0.0
2026-06-06 00:00:00,47.3,9.199999,944.0,10.0,77,6.7,0.0,0.0,48,0.0,0.0
2026-06-06 01:00:00,47.3,9.199999,944.0,8.3,78,7.6,0.0,0.0,0,0.0,0.0
2026-06-06 02:00:00,47.3,9.199999,944.0,7.8,83,5.3,0.0,0.0,0,0.0,0.0
2026-06-06 03:00:00,47.3,9.199999,944.0,9.1,77,3.4,0.0,0.0,0,0.0,0.0
2026-06-06 04:00:00,47.3,9.199999,944.0,7.0,87,5.7,0.0,0.0,37,0.0,0.0
2026-06-06 05:00:00,47.3,9.199999,944.0,8.9,75,3.5,0.0,0.0,100,0.0,0.0
2026-06-06 06:00:00,47.3,9.199999,944.0,8.0,80,3.9,0.0,0.0,100,5.0,0.0
2026-06-06 07:00:00,47.3,9.199999,944.0,8.6,86,4.0,0.0,0.0,100,57.0,6.5
2026-06-06 08:00:00,47.3,9.199999,944.0,10.2,88,3.1,0.0,0.0,100,95.8,12.0
2026-06-06 09:00:00,47.3,9.199999,944.0,11.6,85,3.0,0.1,0.0,100,77.0,0.0
2026-06-06 10:00:00,47.3,9.199999,944.0,12.5,90,2.5,1.3,0.0,100,84.0,0.0
2026-06-06 11:00:00,47.3,9.199999,944.0,13.3,89,5.0,1.1,0.0,100,116.0,0.0
2026-06-06 12:00:00,47.3,9.199999,944.0,14.3,84,5.7,0.4,0.0,96,214.0,24.0
2026-06-06 13:00:00,47.3,9.199999,944.0,15.5,79,6.4,0.0,0.0,82,541.0,202.0
2026-06-06 14:00:00,47.3,9.199999,944.0,15.9,77,7.7,0.0,0.0,78,570.0,237.0
2026-06-06 15:00:00,47.3,9.199999,944.0,16.8,70,7.8,0.0,0.0,78,653.0,324.0
2026-06-06 16:00:00,47.3,9.199999,944.0,17.0,67,9.5,0.0,0.0,82,636.0,363.0
2026-06-06 17:00:00,47.3,9.199999,944.0,17.0,68,11.0,0.0,0.0,89,516.0,271.0
2026-06-06 18:00:00,47.3,9.199999,944.0,16.7,71,8.4,0.0,0.0,64,386.0,200.0
2026-06-06 19:00:00,47.3,9.199999,944.0,16.5,74,6.1,0.0,0.0,63,228.0,103.0
2026-06-06 20:00:00,47.3,9.199999,944.0,15.1,71,10.6,0.0,0.0,84,121.0,42.0
2026-06-06 21:00:00,47.3,9.199999,944.0,13.8,71,0.8,0.0,0.0,81,34.0,6.0
2026-06-06 22:00:00,47.3,9.199999,944.0,12.7,86,4.8,0.0,0.0,56,0.0,0.0
2026-06-06 23:00:00,47.3,9.199999,944.0,10.7,91,6.0,0.0,0.0,48,0.0,0.0
2026-05-28 00:00:00,47.32,9.48,1341.0,15.9,63,7.7,0.0,0.0,90,0.0,0.0
2026-05-28 01:00:00,47.32,9.48,1341.0,15.1,73,7.8,0.0,0.0,73,0.0,0.0
2026-05-28 02:00:00,47.32,9.48,1341.0,14.8,66,6.9,0.0,0.0,82,0.0,0.0
2026-05-28 03:00:00,47.32,9.48,1341.0,14.1,73,4.3,0.0,0.0,93,0.0,0.0
2026-05-28 04:00:00,47.32,9.48,1341.0,13.5,77,4.1,0.0,0.0,43,0.0,0.0
2026-05-28 05:00:00,47.32,9.48,1341.0,12.8,72,2.9,0.0,0.0,15,0.0,0.0
2026-05-28 06:00:00,47.32,9.48,1341.0,12.6,68,1.1,0.0,0.0,8,4.0,0.0
2026-05-28 07:00:00,47.32,9.48,1341.0,13.4,69,1.5,0.0,0.0,0,79.0,37.0
2026-05-28 08:00:00,47.32,9.48,1341.0,15.0,77,2.5,0.0,0.0,0,230.0,155.0
2026-05-28 09:00:00,47.32,9.48,1341.0,15.8,77,4.1,0.0,0.0,0,401.0,306.0
2026-05-28 10:00:00,47.32,9.48,1341.0,16.5,77,6.8,0.0,0.0,0,568.0,460.0
2026-05-28 11:00:00,47.32,9.48,1341.0,17.5,63,7.3,0.0,0.0,0,715.0,598.0
2026-05-28 12:00:00,47.32,9.48,1341.0,18.3,64,10.5,0.0,0.0,14,775.0,574.0
2026-05-28 13:00:00,47.32,9.48,1341.0,19.0,48,13.5,0.0,0.0,40,802.0,553.0
2026-05-28 14:00:00,47.32,9.48,1341.0,19.9,44,13.6,0.0,0.0,0,897.0,739.0
2026-05-28 15:00:00,47.32,9.48,1341.0,20.1,41,14.0,0.0,0.0,0,878.0,759.0
2026-05-28 16:00:00,47.32,9.48,1341.0,20.1,42,14.9,0.0,0.0,0,797.0,682.0
2026-05-28 17:00:00,47.32,9.48,1341.0,19.9,39,12.6,0.0,0.0,0,672.0,565.0
2026-05-28 18:00:00,47.32,9.48,1341.0,19.5,38,11.7,0.0,0.0,0,519.0,423.0
2026-05-28 19:00:00,47.32,9.48,1341.0,18.7,40,9.5,0.0,0.0,0,346.0,264.0
2026-05-28 20:00:00,47.32,9.48,1341.0,17.1,53,7.6,0.0,0.0,0,173.0,112.0
2026-05-28 21:00:00,47.32,9.48,1341.0,15.7,59,9.8,0.0,0.0,26,39.0,12.0
2026-05-28 22:00:00,47.32,9.48,1341.0,15.0,60,11.3,0.0,0.0,18,0.0,0.0
2026-05-28 23:00:00,47.32,9.48,1341.0,14.3,62,9.2,0.0,0.0,51,0.0,0.0
2026-05-29 00:00:00,47.32,9.48,1341.0,13.5,66,9.0,0.0,0.0,0,0.0,0.0
2026-05-29 01:00:00,47.32,9.48,1341.0,13.2,68,8.4,0.0,0.0,0,0.0,0.0
2026-05-29 02:00:00,47.32,9.48,1341.0,12.2,71,9.0,0.0,0.0,0,0.0,0.0
2026-05-29 03:00:00,47.32,9.48,1341.0,12.3,67,5.8,0.0,0.0,0,0.0,0.0
2026-05-29 04:00:00,47.32,9.48,1341.0,11.9,69,5.6,0.0,0.0,0,0.0,0.0
2026-05-29 05:00:00,47.32,9.48,1341.0,11.0,69,5.1,0.0,0.0,13,0.0,0.0
2026-05-29 06:00:00,47.32,9.48,1341.0,10.8,69,3.2,0.0,0.0,64,4.0,0.0
2026-05-29 07:00:00,47.32,9.48,1341.0,12.2,70,3.4,0.0,0.0,17,80.0,33.0
2026-05-29 08:00:00,47.32,9.48,1341.0,14.3,80,1.8,0.0,0.0,8,229.0,151.0
2026-05-29 09:00:00,47.32,9.48,1341.0,15.1,71,2.0,0.0,0.0,11,401.0,302.0
2026-05-29 10:00:00,47.32,9.48,1341.0,16.0,72,3.6,0.0,0.0,10,567.0,450.0
2026-05-29 11:00:00,47.32,9.48,1341.0,17.2,65,6.0,0.0,0.0,9,717.0,594.0
2026-05-29 12:00:00,47.32,9.48,1341.0,18.0,62,8.4,0.0,0.0,29,821.0,662.0
2026-05-29 13:00:00,47.32,9.48,1341.0,19.1,55,11.3,0.0,0.0,33,881.0,686.0
2026-05-29 14:00:00,47.32,9.48,1341.0,19.7,45,10.0,0.0,0.0,73,917.0,769.0
2026-05-29 15:00:00,47.32,9.48,1341.0,20.4,35,11.8,0.0,0.0,28,888.0,754.0
2026-05-29 16:00:00,47.32,9.48,1341.0,20.7,26,14.8,0.0,0.0,0,810.0,692.0
2026-05-29 17:00:00,47.32,9.48,1341.0,20.6,23,12.3,0.0,0.0,0,686.0,577.0
2026-05-29 18:00:00,47.32,9.48,1341.0,20.0,34,12.9,0.0,0.0,0,528.0,429.0
2026-05-29 19:00:00,47.32,9.48,1341.0,19.1,35,10.4,0.0,0.0,0,351.0,267.0
2026-05-29 20:00:00,47.32,9.48,1341.0,18.2,33,7.7,0.0,0.0,0,179.0,116.0
2026-05-29 21:00:00,47.32,9.48,1341.0,15.9,37,7.6,0.0,0.0,0,42.0,16.0
2026-05-29 22:00:00,47.32,9.48,1341.0,15.5,35,7.9,0.0,0.0,0,0.0,0.0
2026-05-29 23:00:00,47.32,9.48,1341.0,14.9,41,6.5,0.0,0.0,0,0.0,0.0
2026-05-30 00:00:00,47.32,9.48,1341.0,14.5,42,7.6,0.0,0.0,3,0.0,0.0
2026-05-30 01:00:00,47.32,9.48,1341.0,14.7,40,7.8,0.0,0.0,70,0.0,0.0
2026-05-30 02:00:00,47.32,9.48,1341.0,14.6,43,1.0,0.0,0.0,38,0.0,0.0
2026-05-30 03:00:00,47.32,9.48,1341.0,13.4,45,3.4,0.0,0.0,0,0.0,0.0
2026-05-30 04:00:00,47.32,9.48,1341.0,13.0,45,4.0,0.0,0.0,1,0.0,0.0
2026-05-30 05:00:00,47.32,9.48,1341.0,11.9,52,3.6,0.0,0.0,0,0.0,0.0
2026-05-30 06:00:00,47.32,9.48,1341.0,11.4,55,7.8,0.0,0.0,10,5.0,1.0
2026-05-30 07:00:00,47.32,9.48,1341.0,12.5,59,6.4,0.0,0.0,13,83.0,39.0
2026-05-30 08:00:00,47.32,9.48,1341.0,14.4,51,7.8,0.0,0.0,100,190.0,70.0
2026-05-30 09:00:00,47.32,9.48,1341.0,16.0,47,8.7,0.0,0.0,100,328.0,138.0
2026-05-30 10:00:00,47.32,9.48,1341.0,17.1,45,6.3,0.0,0.0,100,478.0,233.0
2026-05-30 11:00:00,47.32,9.48,1341.0,18.4,47,4.3,0.0,0.0,100,606.0,315.0
2026-05-30 12:00:00,47.32,9.48,1341.0,20.2,48,6.0,0.0,0.0,90,762.0,507.0
2026-05-30 13:00:00,47.32,9.48,1341.0,20.9,41,7.2,0.0,0.0,100,859.0,640.0
2026-05-30 14:00:00,47.32,9.48,1341.0,20.7,37,7.7,0.0,0.0,96,844.0,571.0
2026-05-30 15:00:00,47.32,9.48,1341.0,21.2,43,11.4,0.0,0.0,100,850.0,673.0
2026-05-30 16:00:00,47.32,9.48,1341.0,21.6,37,10.7,0.0,0.0,14,778.0,627.0
2026-05-30 17:00:00,47.32,9.48,1341.0,21.5,38,10.0,0.0,0.0,57,661.0,533.0
2026-05-30 18:00:00,47.32,9.48,1341.0,21.2,37,11.5,0.0,0.0,7,499.0,377.0
2026-05-30 19:00:00,47.32,9.48,1341.0,20.6,41,7.6,0.0,0.0,8,343.0,260.0
2026-05-30 20:00:00,47.32,9.48,1341.0,19.5,43,7.8,0.0,0.0,65,174.0,112.0
2026-05-30 21:00:00,47.32,9.48,1341.0,17.6,47,9.7,0.0,0.0,100,38.0,11.0
2026-05-30 22:00:00,47.32,9.48,1341.0,17.3,46,6.2,0.0,0.0,100,0.0,0.0
2026-05-30 23:00:00,47.32,9.48,1341.0,15.8,54,5.1,0.0,0.0,0,0.0,0.0
2026-05-31 00:00:00,47.32,9.48,1341.0,15.1,57,7.9,0.0,0.0,7,0.0,0.0
2026-05-31 01:00:00,47.32,9.48,1341.0,15.6,52,8.6,0.0,0.0,0,0.0,0.0
2026-05-31 02:00:00,47.32,9.48,1341.0,15.3,53,7.6,0.0,0.0,46,0.0,0.0
2026-05-31 03:00:00,47.32,9.48,1341.0,15.0,54,7.7,0.0,0.0,66,0.0,0.0
2026-05-31 04:00:00,47.32,9.48,1341.0,15.1,51,8.6,0.0,0.0,90,0.0,0.0
2026-05-31 05:00:00,47.32,9.48,1341.0,14.5,52,8.7,0.0,0.0,60,0.0,0.0
2026-05-31 06:00:00,47.32,9.48,1341.0,14.4,55,7.6,0.0,0.0,60,5.0,1.0
2026-05-31 07:00:00,47.32,9.48,1341.0,15.9,55,7.3,0.0,0.0,0,84.0,41.0
2026-05-31 08:00:00,47.32,9.48,1341.0,17.2,65,4.3,0.0,0.0,6,235.0,163.0
2026-05-31 09:00:00,47.32,9.48,1341.0,18.5,52,2.7,0.0,0.0,100,385.0,259.0
2026-05-31 10:00:00,47.32,9.48,1341.0,19.5,44,3.1,0.0,0.0,100,536.0,364.0
2026-05-31 11:00:00,47.32,9.48,1341.0,20.4,45,4.1,0.0,0.0,83,684.0,503.0
2026-05-31 12:00:00,47.32,9.48,1341.0,21.4,39,16.7,0.0,0.0,16,822.0,686.0
2026-05-31 13:00:00,47.32,9.48,1341.0,21.9,32,23.1,0.0,0.0,21,893.0,761.0
2026-05-31 14:00:00,47.32,9.48,1341.0,21.9,33,21.3,0.0,0.0,73,856.0,661.0
2026-05-31 15:00:00,47.32,9.48,1341.0,22.0,36,20.9,0.0,0.0,100,791.0,530.0
2026-05-31 16:00:00,47.32,9.48,1341.0,22.3,35,21.8,0.0,0.0,97,762.0,585.0
2026-05-31 17:00:00,47.32,9.48,1341.0,21.8,34,24.8,0.0,0.0,100,658.0,528.0
2026-05-31 18:00:00,47.32,9.48,1341.0,14.8,80,28.8,1.2,0.0,100,188.0,49.0
2026-05-31 19:00:00,47.32,9.48,1341.0,14.2,86,10.7,0.0,0.0,100,96.0,3.0
2026-05-31 20:00:00,47.32,9.48,1341.0,13.9,85,21.6,0.2,0.0,100,30.0,0.0
2026-05-31 21:00:00,47.32,9.48,1341.0,13.5,83,13.0,0.0,0.0,100,14.0,0.0
2026-05-31 22:00:00,47.32,9.48,1341.0,12.7,90,10.8,0.5,0.0,100,0.0,0.0
2026-05-31 23:00:00,47.32,9.48,1341.0,11.9,91,11.3,0.2,0.0,100,0.0,0.0
2026-06-01 00:00:00,47.32,9.48,1341.0,11.6,84,11.9,0.0,0.0,100,0.0,0.0
2026-06-01 01:00:00,47.32,9.48,1341.0,11.7,86,10.7,0.1,0.0,100,0.0,0.0
2026-06-01 02:00:00,47.32,9.48,1341.0,11.2,88,5.7,2.4,0.0,100,0.0,0.0
2026-06-01 03:00:00,47.32,9.48,1341.0,10.8,88,5.8,0.0,0.0,100,0.0,0.0
2026-06-01 04:00:00,47.32,9.48,1341.0,10.7,89,7.0,0.0,0.0,98,0.0,0.0
2026-06-01 05:00:00,47.32,9.48,1341.0,10.5,92,9.0,0.0,0.0,100,0.0,0.0
2026-06-01 06:00:00,47.32,9.48,1341.0,10.4,97,9.1,0.0,0.0,98,2.0,0.0
2026-06-01 07:00:00,47.32,9.48,1341.0,10.4,97,11.7,0.0,0.0,100,20.0,1.0
2026-06-01 08:00:00,47.32,9.48,1341.0,10.4,96,12.8,0.4,0.0,99,35.0,1.0
2026-06-01 09:00:00,47.32,9.48,1341.0,11.5,85,13.3,0.0,0.0,86,265.0,109.0
2026-06-01 10:00:00,47.32,9.48,1341.0,11.5,90,11.6,0.0,0.0,87,246.0,91.0
2026-06-01 11:00:00,47.32,9.48,1341.0,11.6,93,6.8,1.2,0.0,100,224.0,91.0
2026-06-01 12:00:00,47.32,9.48,1341.0,11.0,93,8.9,0.7,0.0,100,174.0,35.0
2026-06-01 13:00:00,47.32,9.48,1341.0,13.7,81,5.5,0.0,0.0,87,579.0,295.0
2026-06-01 14:00:00,47.32,9.48,1341.0,14.0,82,5.4,0.0,0.0,100,619.0,336.0
2026-06-01 15:00:00,47.32,9.48,1341.0,14.0,79,5.2,0.0,0.0,100,528.0,248.0
2026-06-01 16:00:00,47.32,9.48,1341.0,14.3,76,3.7,0.0,0.0,96,466.0,191.0
2026-06-01 17:00:00,47.32,9.48,1341.0,14.5,88,4.4,0.0,0.0,82,520.0,301.0
2026-06-01 18:00:00,47.32,9.48,1341.0,14.1,88,6.9,0.0,0.0,100,336.0,160.0
2026-06-01 19:00:00,47.32,9.48,1341.0,13.8,85,5.4,0.0,0.0,90,289.0,134.0
2026-06-01 20:00:00,47.32,9.48,1341.0,13.9,87,1.3,0.0,0.0,44,163.0,77.0
2026-06-01 21:00:00,47.32,9.48,1341.0,12.8,79,3.8,0.0,0.0,80,45.0,15.0
2026-06-01 22:00:00,47.32,9.48,1341.0,11.6,68,5.8,0.0,0.0,11,0.0,0.0
2026-06-01 23:00:00,47.32,9.48,1341.0,10.6,71,8.9,0.0,0.0,52,0.0,0.0
2026-06-02 00:00:00,47.32,9.48,1341.0,11.0,71,9.2,0.0,0.0,100,0.0,0.0
2026-06-02 01:00:00,47.32,9.48,1341.0,11.5,70,9.2,0.0,0.0,100,0.0,0.0
2026-06-02 02:00:00,47.32,9.48,1341.0,11.7,72,8.1,0.0,0.0,100,0.0,0.0
2026-06-02 03:00:00,47.32,9.48,1341.0,11.9,72,8.3,0.0,0.0,98,0.0,0.0
2026-06-02 04:00:00,47.32,9.48,1341.0,12.1,70,7.4,0.0,0.0,97,0.0,0.0
2026-06-02 05:00:00,47.32,9.48,1341.0,11.6,73,9.4,0.0,0.0,87,0.0,0.0
2026-06-02 06:00:00,47.32,9.48,1341.0,11.8,75,8.4,0.0,0.0,100,4.0,0.0
2026-06-02 07:00:00,47.32,9.48,1341.0,12.5,77,7.1,0.0,0.0,100,54.0,1.0
2026-06-02 08:00:00,47.32,9.48,1341.0,12.8,78,7.0,0.0,0.0,100,73.0,4.0
2026-06-02 09:00:00,47.32,9.48,1341.0,14.5,75,2.3,0.0,0.0,100,204.0,27.0
2026-06-02 10:00:00,47.32,9.48,1341.0,15.6,74,3.1,0.0,0.0,91,370.0,90.0
2026-06-02 11:00:00,47.32,9.48,1341.0,15.7,72,2.6,0.0,0.0,99,465.0,191.0
2026-06-02 12:00:00,47.32,9.48,1341.0,16.2,72,8.7,0.7,0.0,91,403.0,132.0
2026-06-02 13:00:00,47.32,9.48,1341.0,16.6,67,9.7,0.0,0.0,78,591.0,253.0
2026-06-02 14:00:00,47.32,9.48,1341.0,15.6,75,11.9,0.0,0.0,100,610.0,311.0
2026-06-02 15:00:00,47.32,9.48,1341.0,16.4,70,11.3,0.0,0.0,65,670.0,330.0
2026-06-02 16:00:00,47.32,9.48,1341.0,17.6,64,1.5,0.0,0.0,100,668.0,446.0
2026-06-02 17:00:00,47.32,9.48,1341.0,11.5,92,36.5,1.7,0.0,100,294.0,62.0
2026-06-02 18:00:00,47.32,9.48,1341.0,11.0,77,20.0,13.9,0.0,100,63.0,0.0
2026-06-02 19:00:00,47.32,9.48,1341.0,10.5,93,3.1,2.4,0.0,100,51.0,0.0
2026-06-02 20:00:00,47.32,9.48,1341.0,9.9,97,5.7,4.0,0.0,100,22.0,0.0
2026-06-02 21:00:00,47.32,9.48,1341.0,9.7,87,22.7,2.3,0.0,100,4.0,0.0
2026-06-02 22:00:00,47.32,9.48,1341.0,9.5,68,15.1,0.0,0.0,100,0.0,0.0
2026-06-02 23:00:00,47.32,9.48,1341.0,8.8,78,20.0,0.0,0.0,100,0.0,0.0
2026-06-03 00:00:00,47.32,9.48,1341.0,8.7,84,21.9,0.0,0.0,100,0.0,0.0
2026-06-03 01:00:00,47.32,9.48,1341.0,8.9,73,17.7,0.0,0.0,100,0.0,0.0
2026-06-03 02:00:00,47.32,9.48,1341.0,8.9,77,16.3,0.0,0.0,100,0.0,0.0
2026-06-03 03:00:00,47.32,9.48,1341.0,8.6,83,15.0,0.0,0.0,100,0.0,0.0
2026-06-03 04:00:00,47.32,9.48,1341.0,7.8,92,21.4,0.0,0.0,100,0.0,0.0
2026-06-03 05:00:00,47.32,9.48,1341.0,7.5,82,21.8,0.7,0.0,100,0.0,0.0
2026-06-03 06:00:00,47.32,9.48,1341.0,7.6,77,18.0,0.1,0.0,100,1.0,0.0
2026-06-03 07:00:00,47.32,9.48,1341.0,7.6,80,12.6,0.0,0.0,100,33.0,1.0
2026-06-03 08:00:00,47.32,9.48,1341.0,7.7,81,14.2,0.0,0.0,97,64.0,5.0
2026-06-03 09:00:00,47.32,9.48,1341.0,8.4,84,14.6,0.0,0.0,92,193.0,60.0
2026-06-03 10:00:00,47.32,9.48,1341.0,8.1,86,14.4,0.0,0.0,98,194.0,39.0
2026-06-03 11:00:00,47.32,9.48,1341.0,8.2,87,16.6,0.0,0.0,100,289.0,73.0
2026-06-03 12:00:00,47.32,9.48,1341.0,8.3,86,19.4,0.1,0.0,100,157.0,19.0
2026-06-03 13:00:00,47.32,9.48,1341.0,8.6,81,12.8,0.0,0.0,100,308.0,82.0
2026-06-03 14:00:00,47.32,9.48,1341.0,10.1,77,13.4,0.2,0.0,92,241.0,34.0
2026-06-03 15:00:00,47.32,9.48,1341.0,10.8,73,11.2,0.0,0.0,94,478.0,199.0
2026-06-03 16:00:00,47.32,9.48,1341.0,9.9,82,12.6,0.0,0.0,95,324.0,74.0
2026-06-03 17:00:00,47.32,9.48,1341.0,10.4,78,11.7,0.0,0.0,88,269.0,65.0
2026-06-03 18:00:00,47.32,9.48,1341.0,11.1,75,8.7,0.0,0.0,80,323.0,151.0
2026-06-03 19:00:00,47.32,9.48,1341.0,10.7,79,7.2,0.0,0.0,96,244.0,126.0
2026-06-03 20:00:00,47.32,9.48,1341.0,10.2,82,8.1,0.0,0.0,25,136.0,62.0
2026-06-03 21:00:00,47.32,9.48,1341.0,9.0,80,9.8,0.0,0.0,48,46.0,16.0
2026-06-03 22:00:00,47.32,9.48,1341.0,8.9,74,9.3,0.0,0.0,20,0.0,0.0
2026-06-03 23:00:00,47.32,9.48,1341.0,8.5,77,11.5,0.0,0.0,9,0.0,0.0
2026-06-04 00:00:00,47.32,9.48,1341.0,8.8,75,11.2,0.0,0.0,38,0.0,0.0
2026-06-04 01:00:00,47.32,9.48,1341.0,8.6,79,9.7,0.0,0.0,18,0.0,0.0
2026-06-04 02:00:00,47.32,9.48,1341.0,8.6,82,8.9,0.0,0.0,100,0.0,0.0
2026-06-04 03:00:00,47.32,9.48,1341.0,8.6,77,8.1,0.0,0.0,78,0.0,0.0
2026-06-04 04:00:00,47.32,9.48,1341.0,8.7,74,8.9,0.0,0.0,20,0.0,0.0
2026-06-04 05:00:00,47.32,9.48,1341.0,8.6,73,8.2,0.0,0.0,99,0.0,0.0
2026-06-04 06:00:00,47.32,9.48,1341.0,8.5,73,9.0,0.0,0.0,100,5.0,0.0
2026-06-04 07:00:00,47.32,9.48,1341.0,9.4,79,6.9,0.0,0.0,65,72.0,15.0
2026-06-04 08:00:00,47.32,9.48,1341.0,10.7,87,5.1,0.0,0.0,100,188.0,83.0
2026-06-04 09:00:00,47.32,9.48,1341.0,11.4,73,2.2,0.0,0.0,100,275.0,66.0
2026-06-04 10:00:00,47.32,9.48,1341.0,11.9,77,4.8,0.0,0.0,100,369.0,91.0
2026-06-04 11:00:00,47.32,9.48,1341.0,13.3,77,4.6,0.0,0.0,100,478.0,127.0
2026-06-04 12:00:00,47.32,9.48,1341.0,13.9,80,2.5,0.0,0.0,100,589.0,194.0
2026-06-04 13:00:00,47.32,9.48,1341.0,14.5,69,6.7,0.0,0.0,100,531.0,114.0
2026-06-04 14:00:00,47.32,9.48,1341.0,14.4,68,14.7,0.0,0.0,100,578.0,159.0
2026-06-04 15:00:00,47.32,9.48,1341.0,13.7,70,16.7,0.0,0.0,100,346.0,26.0
2026-06-04 16:00:00,47.32,9.48,1341.0,12.4,85,20.6,0.0,0.0,100,213.0,4.0
2026-06-04 17:00:00,47.32,9.48,1341.0,10.7,96,23.1,2.9,0.0,100,68.0,2.0
2026-06-04 18:00:00,47.32,9.48,1341.0,9.1,98,26.7,7.1,0.0,100,63.0,0.0
2026-06-04 19:00:00,47.32,9.48,1341.0,8.6,91,29.8,1.0,0.0,99,57.0,3.0
2026-06-04 20:00:00,47.32,9.48,1341.0,8.1,86,24.5,0.3,0.0,100,29.0,2.0
2026-06-04 21:00:00,47.32,9.48,1341.0,7.7,88,23.0,0.6,0.0,100,7.0,0.0
2026-06-04 22:00:00,47.32,9.48,1341.0,7.4,89,12.3,1.6,0.0,100,0.0,0.0
2026-06-04 23:00:00,47.32,9.48,1341.0,7.2,90,8.7,1.6,0.0,100,0.0,0.0
2026-06-05 00:00:00,47.32,9.48,1341.0,7.1,87,8.4,0.9,0.0,100,0.0,0.0
2026-06-05 01:00:00,47.32,9.48,1341.0,7.0,88,9.0,1.1,0.0,100,0.0,0.0
2026-06-05 02:00:00,47.32,9.48,1341.0,6.9,90,8.9,0.8,0.0,100,0.0,0.0
2026-06-05 03:00:00,47.32,9.48,1341.0,6.5,93,11.9,1.5,0.0,100,0.0,0.0
2026-06-05 04:00:00,47.32,9.48,1341.0,6.2,89,9.2,1.8,0.0,100,0.0,0.0
2026-06-05 05:00:00,47.32,9.48,1341.0,6.2,94,7.8,1.2,0.0,100,0.0,0.0
2026-06-05 06:00:00,47.32,9.48,1341.0,6.4,95,6.0,0.2,0.0,94,2.0,0.0
2026-06-05 07:00:00,47.32,9.48,1341.0,6.4,97,7.2,0.0,0.0,90,35.0,6.0
2026-06-05 08:00:00,47.32,9.48,1341.0,7.4,93,4.0,0.0,0.0,91,152.0,55.0
2026-06-05 09:00:00,47.32,9.48,1341.0,7.9,95,2.1,0.0,0.0,97,204.0,74.0
2026-06-05 10:00:00,47.32,9.48,1341.0,7.7,96,1.1,0.0,0.0,100,217.0,64.0
2026-06-05 11:00:00,47.32,9.48,1341.0,8.5,94,7.7,0.0,0.0,100,283.0,105.0
2026-06-05 12:00:00,47.32,9.48,1341.0,9.2,85,11.4,0.0,0.0,91,379.0,163.0
2026-06-05 13:00:00,47.32,9.48,1341.0,8.9,83,5.8,0.0,0.0,100,422.0,125.0
2026-06-05 14:00:00,47.32,9.48,1341.0,8.9,84,6.4,0.0,0.0,100,299.0,55.0
2026-06-05 15:00:00,47.32,9.48,1341.0,9.9,80,4.7,0.1,0.0,86,312.0,69.0
2026-06-05 16:00:00,47.32,9.48,1341.0,11.1,74,2.3,0.0,0.0,96,527.0,226.0
2026-06-05 17:00:00,47.32,9.48,1341.0,11.0,87,3.2,0.0,0.0,94,422.0,195.0
2026-06-05 18:00:00,47.32,9.48,1341.0,10.9,79,5.9,0.0,0.0,59,334.0,169.0
2026-06-05 19:00:00,47.32,9.48,1341.0,9.9,87,5.9,0.0,0.0,100,138.0,53.0
2026-06-05 20:00:00,47.32,9.48,1341.0,9.4,85,6.2,0.0,0.0,100,57.0,6.0
2026-06-05 21:00:00,47.32,9.48,1341.0,8.7,87,6.6,0.1,0.0,100,14.0,1.0
2026-06-05 22:00:00,47.32,9.48,1341.0,8.2,86,6.6,0.0,0.0,81,0.0,0.0
2026-06-05 23:00:00,47.32,9.48,1341.0,8.3,80,5.4,0.0,0.0,91,0.0,0.0
2026-06-06 00:00:00,47.32,9.48,1341.0,8.0,71,5.4,0.0,0.0,29,0.0,0.0
2026-06-06 01:00:00,47.32,9.48,1341.0,6.6,87,7.9,0.0,0.0,25,0.0,0.0
2026-06-06 02:00:00,47.32,9.48,1341.0,7.0,89,8.1,0.0,0.0,0,0.0,0.0
2026-06-06 03:00:00,47.32,9.48,1341.0,7.0,85,7.3,0.0,0.0,0,0.0,0.0
2026-06-06 04:00:00,47.32,9.48,1341.0,7.0,88,9.7,0.0,0.0,23,0.0,0.0
2026-06-06 05:00:00,47.32,9.48,1341.0,7.3,86,7.5,0.0,0.0,100,0.0,0.0
2026-06-06 06:00:00,47.32,9.48,1341.0,7.3,83,6.9,0.0,0.0,100,5.2,0.0
2026-06-06 07:00:00,47.32,9.48,1341.0,8.0,81,5.4,0.0,0.0,100,51.0,1.5
2026-06-06 08:00:00,47.32,9.48,1341.0,9.2,85,2.0,0.0,0.0,100,95.0,1.2
2026-06-06 09:00:00,47.32,9.48,1341.0,9.7,83,1.3,0.0,0.0,100,123.0,0.0
2026-06-06 10:00:00,47.32,9.48,1341.0,10.2,84,3.2,0.2,0.0,100,155.0,4.0
2026-06-06 11:00:00,47.32,9.48,1341.0,10.5,91,1.1,0.5,0.0,100,154.0,0.0
2026-06-06 12:00:00,47.32,9.48,1341.0,11.5,92,4.3,0.7,0.0,98,155.0,0.0
2026-06-06 13:00:00,47.32,9.48,1341.0,13.4,77,3.3,0.1,0.0,85,401.0,94.0
2026-06-06 14:00:00,47.32,9.48,1341.0,13.8,82,4.3,0.0,0.0,83,584.0,246.0
2026-06-06 15:00:00,47.32,9.48,1341.0,14.1,79,3.3,0.0,0.0,82,529.0,216.0
2026-06-06 16:00:00,47.32,9.48,1341.0,15.2,77,4.4,0.0,0.0,79,556.0,270.0
2026-06-06 17:00:00,47.32,9.48,1341.0,15.3,75,4.1,0.0,0.0,74,482.0,239.0
2026-06-06 18:00:00,47.32,9.48,1341.0,14.9,70,0.5,0.0,0.0,75,376.0,208.0
2026-06-06 19:00:00,47.32,9.48,1341.0,14.4,73,2.2,0.0,0.0,78,259.0,134.0
2026-06-06 20:00:00,47.32,9.48,1341.0,13.5,83,3.1,0.0,0.0,93,126.0,47.0
2026-06-06 21:00:00,47.32,9.48,1341.0,11.8,83,6.1,0.0,0.0,84,23.0,2.0
2026-06-06 22:00:00,47.32,9.48,1341.0,10.3,75,3.1,0.0,0.0,78,0.0,0.0
2026-06-06 23:00:00,47.32,9.48,1341.0,9.6,72,5.5,0.0,0.0,60,0.0,0.0
2026-05-28 00:00:00,47.3,9.799999,1555.0,14.2,71,7.6,0.0,0.0,75,0.0,0.0
2026-05-28 01:00:00,47.3,9.799999,1555.0,13.1,82,6.8,0.0,0.0,65,0.0,0.0
2026-05-28 02:00:00,47.3,9.799999,1555.0,12.7,87,5.4,0.0,0.0,77,0.0,0.0
2026-05-28 03:00:00,47.3,9.799999,1555.0,12.5,84,3.8,0.0,0.0,73,0.0,0.0
2026-05-28 04:00:00,47.3,9.799999,1555.0,12.6,80,0.8,0.0,0.0,43,0.0,0.0
2026-05-28 05:00:00,47.3,9.799999,1555.0,11.5,83,2.2,0.0,0.0,0,0.0,0.0
2026-05-28 06:00:00,47.3,9.799999,1555.0,11.4,83,2.1,0.0,0.0,0,5.0,1.0
2026-05-28 07:00:00,47.3,9.799999,1555.0,12.4,79,1.4,0.0,0.0,0,89.0,49.0
2026-05-28 08:00:00,47.3,9.799999,1555.0,14.1,75,2.6,0.0,0.0,0,248.0,181.0
2026-05-28 09:00:00,47.3,9.799999,1555.0,15.4,68,4.0,0.0,0.0,0,426.0,343.0
2026-05-28 10:00:00,47.3,9.799999,1555.0,16.3,68,8.6,0.0,0.0,45,549.0,392.0
2026-05-28 11:00:00,47.3,9.799999,1555.0,17.1,62,9.4,0.0,0.0,37,642.0,403.0
2026-05-28 12:00:00,47.3,9.799999,1555.0,17.7,60,12.3,0.0,0.0,34,808.0,602.0
2026-05-28 13:00:00,47.3,9.799999,1555.0,17.7,58,14.8,0.0,0.0,22,845.0,631.0
2026-05-28 14:00:00,47.3,9.799999,1555.0,18.0,54,13.8,0.0,0.0,6,902.0,728.0
2026-05-28 15:00:00,47.3,9.799999,1555.0,18.2,55,14.3,0.0,0.0,9,898.0,786.0
2026-05-28 16:00:00,47.3,9.799999,1555.0,18.0,58,15.5,0.0,0.0,82,781.0,616.0
2026-05-28 17:00:00,47.3,9.799999,1555.0,17.5,56,14.8,0.0,0.0,38,556.0,336.0
2026-05-28 18:00:00,47.3,9.799999,1555.0,17.3,49,14.0,0.0,0.0,0,511.0,395.0
2026-05-28 19:00:00,47.3,9.799999,1555.0,16.5,61,12.3,0.0,0.0,2,354.0,280.0
2026-05-28 20:00:00,47.3,9.799999,1555.0,15.9,61,11.0,0.0,0.0,10,178.0,120.0
2026-05-28 21:00:00,47.3,9.799999,1555.0,13.9,68,7.4,0.0,0.0,35,40.0,15.0
2026-05-28 22:00:00,47.3,9.799999,1555.0,13.0,70,6.1,0.0,0.0,0,0.0,0.0
2026-05-28 23:00:00,47.3,9.799999,1555.0,12.4,72,4.7,0.0,0.0,0,0.0,0.0
2026-05-29 00:00:00,47.3,9.799999,1555.0,12.1,71,3.9,0.0,0.0,0,0.0,0.0
2026-05-29 01:00:00,47.3,9.799999,1555.0,12.2,67,2.6,0.0,0.0,0,0.0,0.0
2026-05-29 02:00:00,47.3,9.799999,1555.0,11.6,65,2.6,0.0,0.0,0,0.0,0.0
2026-05-29 03:00:00,47.3,9.799999,1555.0,10.7,71,5.9,0.0,0.0,0,0.0,0.0
2026-05-29 04:00:00,47.3,9.799999,1555.0,10.4,72,6.9,0.0,0.0,0,0.0,0.0
2026-05-29 05:00:00,47.3,9.799999,1555.0,10.7,69,4.0,0.0,0.0,2,0.0,0.0
2026-05-29 06:00:00,47.3,9.799999,1555.0,10.8,66,2.3,0.0,0.0,38,5.0,1.0
2026-05-29 07:00:00,47.3,9.799999,1555.0,11.5,68,3.1,0.0,0.0,14,91.0,48.0
2026-05-29 08:00:00,47.3,9.799999,1555.0,13.6,64,1.5,0.0,0.0,3,249.0,178.0
2026-05-29 09:00:00,47.3,9.799999,1555.0,14.8,62,4.4,0.0,0.0,14,426.0,340.0
2026-05-29 10:00:00,47.3,9.799999,1555.0,15.9,59,5.8,0.0,0.0,16,596.0,492.0
2026-05-29 11:00:00,47.3,9.799999,1555.0,17.1,56,10.0,0.0,0.0,17,733.0,583.0
2026-05-29 12:00:00,47.3,9.799999,1555.0,17.9,52,10.5,0.0,0.0,14,814.0,614.0
2026-05-29 13:00:00,47.3,9.799999,1555.0,18.8,43,13.5,0.0,0.0,25,907.0,740.0
2026-05-29 14:00:00,47.3,9.799999,1555.0,19.0,47,13.5,0.0,0.0,39,937.0,804.0
2026-05-29 15:00:00,47.3,9.799999,1555.0,19.3,46,15.6,0.0,0.0,24,892.0,741.0
2026-05-29 16:00:00,47.3,9.799999,1555.0,18.9,47,17.7,0.0,0.0,0,818.0,713.0
2026-05-29 17:00:00,47.3,9.799999,1555.0,18.7,46,14.9,0.0,0.0,0,693.0,597.0
2026-05-29 18:00:00,47.3,9.799999,1555.0,18.2,47,13.6,0.0,0.0,0,531.0,444.0
2026-05-29 19:00:00,47.3,9.799999,1555.0,17.5,43,13.5,0.0,0.0,0,357.0,282.0
2026-05-29 20:00:00,47.3,9.799999,1555.0,16.8,32,10.0,0.0,0.0,0,184.0,127.0
2026-05-29 21:00:00,47.3,9.799999,1555.0,14.6,33,6.5,0.0,0.0,0,43.0,19.0
2026-05-29 22:00:00,47.3,9.799999,1555.0,13.7,38,5.6,0.0,0.0,0,0.0,0.0
2026-05-29 23:00:00,47.3,9.799999,1555.0,13.1,45,3.3,0.0,0.0,0,0.0,0.0
2026-05-30 00:00:00,47.3,9.799999,1555.0,13.2,42,2.5,0.0,0.0,42,0.0,0.0
2026-05-30 01:00:00,47.3,9.799999,1555.0,12.5,45,3.6,0.0,0.0,100,0.0,0.0
2026-05-30 02:00:00,47.3,9.799999,1555.0,12.1,46,4.6,0.0,0.0,88,0.0,0.0
2026-05-30 03:00:00,47.3,9.799999,1555.0,11.8,47,6.5,0.0,0.0,0,0.0,0.0
2026-05-30 04:00:00,47.3,9.799999,1555.0,11.7,44,8.0,0.0,0.0,0,0.0,0.0
2026-05-30 05:00:00,47.3,9.799999,1555.0,11.7,44,7.6,0.0,0.0,0,0.0,0.0
2026-05-30 06:00:00,47.3,9.799999,1555.0,11.3,45,6.9,0.0,0.0,6,6.0,1.0
2026-05-30 07:00:00,47.3,9.799999,1555.0,13.2,42,3.7,0.0,0.0,0,92.0,50.0
2026-05-30 08:00:00,47.3,9.799999,1555.0,14.5,47,4.2,0.0,0.0,100,215.0,107.0
2026-05-30 09:00:00,47.3,9.799999,1555.0,16.2,40,3.6,0.0,0.0,100,350.0,168.0
2026-05-30 10:00:00,47.3,9.799999,1555.0,17.3,39,6.0,0.0,0.0,100,522.0,303.0
2026-05-30 11:00:00,47.3,9.799999,1555.0,18.3,36,7.8,0.0,0.0,78,660.0,421.0
2026-05-30 12:00:00,47.3,9.799999,1555.0,19.9,32,10.2,0.0,0.0,100,831.0,655.0
2026-05-30 13:00:00,47.3,9.799999,1555.0,20.7,31,13.8,0.0,0.0,91,909.0,763.0
2026-05-30 14:00:00,47.3,9.799999,1555.0,20.6,37,12.8,0.0,0.0,97,900.0,710.0
2026-05-30 15:00:00,47.3,9.799999,1555.0,20.7,45,15.3,0.0,0.0,100,822.0,599.0
2026-05-30 16:00:00,47.3,9.799999,1555.0,20.8,41,14.1,0.0,0.0,64,801.0,678.0
2026-05-30 17:00:00,47.3,9.799999,1555.0,20.4,44,13.5,0.0,0.0,48,678.0,567.0
2026-05-30 18:00:00,47.3,9.799999,1555.0,19.8,40,14.2,0.0,0.0,41,465.0,328.0
2026-05-30 19:00:00,47.3,9.799999,1555.0,18.8,45,12.1,0.0,0.0,25,350.0,272.0
2026-05-30 20:00:00,47.3,9.799999,1555.0,18.0,45,8.0,0.0,0.0,45,181.0,124.0
2026-05-30 21:00:00,47.3,9.799999,1555.0,16.4,51,5.2,0.0,0.0,100,39.0,13.0
2026-05-30 22:00:00,47.3,9.799999,1555.0,15.1,55,7.0,0.0,0.0,92,0.0,0.0
2026-05-30 23:00:00,47.3,9.799999,1555.0,14.3,61,3.8,0.0,0.0,37,0.0,0.0
2026-05-31 00:00:00,47.3,9.799999,1555.0,14.6,57,3.4,0.0,0.0,2,0.0,0.0
2026-05-31 01:00:00,47.3,9.799999,1555.0,14.2,57,3.4,0.0,0.0,0,0.0,0.0
2026-05-31 02:00:00,47.3,9.799999,1555.0,14.0,57,1.6,0.0,0.0,44,0.0,0.0
2026-05-31 03:00:00,47.3,9.799999,1555.0,13.5,58,4.0,0.0,0.0,21,0.0,0.0
2026-05-31 04:00:00,47.3,9.799999,1555.0,13.0,60,5.4,0.0,0.0,52,0.0,0.0
2026-05-31 05:00:00,47.3,9.799999,1555.0,13.4,59,2.9,0.0,0.0,100,0.0,0.0
2026-05-31 06:00:00,47.3,9.799999,1555.0,13.0,59,3.1,0.0,0.0,71,6.0,1.0
2026-05-31 07:00:00,47.3,9.799999,1555.0,13.5,60,5.9,0.0,0.0,0,87.0,40.0
2026-05-31 08:00:00,47.3,9.799999,1555.0,16.2,53,4.5,0.0,0.0,23,249.0,183.0
2026-05-31 09:00:00,47.3,9.799999,1555.0,17.5,49,6.3,0.0,0.0,100,415.0,316.0
2026-05-31 10:00:00,47.3,9.799999,1555.0,18.1,48,10.5,0.0,0.0,100,554.0,389.0
2026-05-31 11:00:00,47.3,9.799999,1555.0,19.1,40,8.8,0.0,0.0,37,706.0,527.0
2026-05-31 12:00:00,47.3,9.799999,1555.0,19.7,41,13.9,0.0,0.0,55,848.0,726.0
2026-05-31 13:00:00,47.3,9.799999,1555.0,20.2,39,16.2,0.0,0.0,21,916.0,806.0
2026-05-31 14:00:00,47.3,9.799999,1555.0,20.3,38,20.4,0.0,0.0,100,925.0,801.0
2026-05-31 15:00:00,47.3,9.799999,1555.0,20.3,38,20.8,0.0,0.0,100,784.0,482.0
2026-05-31 16:00:00,47.3,9.799999,1555.0,20.2,37,17.8,0.0,0.0,80,719.0,466.0
2026-05-31 17:00:00,47.3,9.799999,1555.0,19.1,43,18.5,0.0,0.0,100,606.0,440.0
2026-05-31 18:00:00,47.3,9.799999,1555.0,11.3,86,13.7,0.4,0.0,100,130.0,13.0
2026-05-31 19:00:00,47.3,9.799999,1555.0,12.8,83,6.8,0.7,0.0,100,63.0,0.0
2026-05-31 20:00:00,47.3,9.799999,1555.0,12.1,98,16.4,0.8,0.0,100,22.0,0.0
2026-05-31 21:00:00,47.3,9.799999,1555.0,11.9,94,13.6,0.0,0.0,100,7.0,0.0
2026-05-31 22:00:00,47.3,9.799999,1555.0,11.4,90,10.1,0.4,0.0,100,0.0,0.0
2026-05-31 23:00:00,47.3,9.799999,1555.0,11.1,88,8.8,0.9,0.0,100,0.0,0.0
2026-06-01 00:00:00,47.3,9.799999,1555.0,11.0,89,9.7,0.9,0.0,100,0.0,0.0
2026-06-01 01:00:00,47.3,9.799999,1555.0,10.5,92,10.8,0.3,0.0,100,0.0,0.0
2026-06-01 02:00:00,47.3,9.799999,1555.0,10.0,97,9.2,3.8,0.0,100,0.0,0.0
2026-06-01 03:00:00,47.3,9.799999,1555.0,10.0,94,7.2,0.2,0.0,97,0.0,0.0
2026-06-01 04:00:00,47.3,9.799999,1555.0,9.7,95,5.8,0.2,0.0,100,0.0,0.0
2026-06-01 05:00:00,47.3,9.799999,1555.0,9.4,96,5.8,0.0,0.0,100,0.0,0.0
2026-06-01 06:00:00,47.3,9.799999,1555.0,9.0,98,1.5,6.1,0.0,100,1.0,0.0
2026-06-01 07:00:00,47.3,9.799999,1555.0,9.1,98,4.2,4.5,0.0,100,17.0,2.0
2026-06-01 08:00:00,47.3,9.799999,1555.0,8.6,100,9.4,14.7,0.0,100,10.0,0.0
2026-06-01 09:00:00,47.3,9.799999,1555.0,8.5,89,7.8,5.8,0.0,100,41.0,2.0
2026-06-01 10:00:00,47.3,9.799999,1555.0,9.3,93,10.1,0.8,0.0,91,132.0,17.0
2026-06-01 11:00:00,47.3,9.799999,1555.0,9.2,91,7.0,0.5,0.0,96,240.0,86.0
2026-06-01 12:00:00,47.3,9.799999,1555.0,10.0,92,7.0,0.6,0.0,82,225.0,55.0
2026-06-01 13:00:00,47.3,9.799999,1555.0,9.7,91,8.2,1.5,0.0,89,228.0,73.0
2026-06-01 14:00:00,47.3,9.799999,1555.0,11.8,80,9.0,0.0,0.0,88,560.0,265.0
2026-06-01 15:00:00,47.3,9.799999,1555.0,12.4,76,8.6,0.0,0.0,100,584.0,283.0
2026-06-01 16:00:00,47.3,9.799999,1555.0,13.0,72,7.9,0.0,0.0,100,560.0,235.0
2026-06-01 17:00:00,47.3,9.799999,1555.0,13.5,68,6.6,0.0,0.0,88,505.0,221.0
2026-06-01 18:00:00,47.3,9.799999,1555.0,13.4,65,6.6,0.0,0.0,100,510.0,369.0
2026-06-01 19:00:00,47.3,9.799999,1555.0,12.7,73,3.5,0.0,0.0,72,307.0,154.0
2026-06-01 20:00:00,47.3,9.799999,1555.0,12.9,68,2.9,0.0,0.0,37,175.0,100.0
2026-06-01 21:00:00,47.3,9.799999,1555.0,11.0,77,4.6,0.0,0.0,59,46.0,19.0
2026-06-01 22:00:00,47.3,9.799999,1555.0,9.8,79,6.8,0.0,0.0,23,0.0,0.0
2026-06-01 23:00:00,47.3,9.799999,1555.0,9.8,76,7.3,0.0,0.0,67,0.0,0.0
2026-06-02 00:00:00,47.3,9.799999,1555.0,9.7,77,8.4,0.0,0.0,100,0.0,0.0
2026-06-02 01:00:00,47.3,9.799999,1555.0,9.8,76,7.7,0.0,0.0,100,0.0,0.0
2026-06-02 02:00:00,47.3,9.799999,1555.0,9.8,76,8.0,0.0,0.0,100,0.0,0.0
2026-06-02 03:00:00,47.3,9.799999,1555.0,10.1,72,7.6,0.0,0.0,100,0.0,0.0
2026-06-02 04:00:00,47.3,9.799999,1555.0,9.9,72,7.8,0.0,0.0,77,0.0,0.0
2026-06-02 05:00:00,47.3,9.799999,1555.0,10.1,74,7.1,0.0,0.0,97,0.0,0.0
2026-06-02 06:00:00,47.3,9.799999,1555.0,10.0,78,7.0,0.0,0.0,100,6.0,0.0
2026-06-02 07:00:00,47.3,9.799999,1555.0,11.6,72,5.7,0.0,0.0,100,67.0,6.0
2026-06-02 08:00:00,47.3,9.799999,1555.0,12.6,66,6.7,0.0,0.0,100,136.0,12.0
2026-06-02 09:00:00,47.3,9.799999,1555.0,13.1,70,6.3,0.0,0.0,100,227.0,21.0
2026-06-02 10:00:00,47.3,9.799999,1555.0,14.2,68,6.3,0.0,0.0,100,390.0,83.0
2026-06-02 11:00:00,47.3,9.799999,1555.0,14.5,64,8.2,0.0,0.0,92,449.0,94.0
2026-06-02 12:00:00,47.3,9.799999,1555.0,13.5,74,11.3,0.0,0.0,97,366.0,88.0
2026-06-02 13:00:00,47.3,9.799999,1555.0,12.6,80,4.9,0.5,0.0,91,248.0,76.0
2026-06-02 14:00:00,47.3,9.799999,1555.0,13.7,77,10.3,1.3,0.0,100,261.0,73.0
2026-06-02 15:00:00,47.3,9.799999,1555.0,15.0,68,8.6,0.1,0.0,100,471.0,88.0
2026-06-02 16:00:00,47.3,9.799999,1555.0,16.4,65,4.3,0.0,0.0,100,751.0,546.0
2026-06-02 17:00:00,47.3,9.799999,1555.0,16.5,56,7.9,0.0,0.0,100,397.0,161.0
2026-06-02 18:00:00,47.3,9.799999,1555.0,9.0,91,15.1,2.6,0.0,100,92.0,13.0
2026-06-02 19:00:00,47.3,9.799999,1555.0,9.0,92,9.8,5.3,0.0,100,53.0,0.0
2026-06-02 20:00:00,47.3,9.799999,1555.0,8.8,93,6.4,3.9,0.0,100,25.0,0.0
2026-06-02 21:00:00,47.3,9.799999,1555.0,8.6,94,7.0,6.3,0.0,100,5.0,0.0
2026-06-02 22:00:00,47.3,9.799999,1555.0,8.5,84,10.0,4.5,0.0,100,0.0,0.0
2026-06-02 23:00:00,47.3,9.799999,1555.0,8.3,80,12.6,0.0,0.0,100,0.0,0.0
2026-06-03 00:00:00,47.3,9.799999,1555.0,7.9,85,12.4,0.0,0.0,100,0.0,0.0
2026-06-03 01:00:00,47.3,9.799999,1555.0,7.8,83,10.5,0.1,0.0,100,0.0,0.0
2026-06-03 02:00:00,47.3,9.799999,1555.0,7.4,83,10.2,0.1,0.0,100,0.0,0.0
2026-06-03 03:00:00,47.3,9.799999,1555.0,7.3,84,6.9,0.0,0.0,100,0.0,0.0
2026-06-03 04:00:00,47.3,9.799999,1555.0,6.5,95,7.6,2.8,0.0,100,0.0,0.0
2026-06-03 05:00:00,47.3,9.799999,1555.0,6.3,95,9.9,1.8,0.0,100,0.0,0.0
2026-06-03 06:00:00,47.3,9.799999,1555.0,6.2,94,8.6,1.1,0.0,100,1.0,0.0
2026-06-03 07:00:00,47.3,9.799999,1555.0,5.9,94,8.6,0.8,0.0,100,21.0,0.0
2026-06-03 08:00:00,47.3,9.799999,1555.0,6.1,94,7.6,0.6,0.0,100,69.0,2.0
2026-06-03 09:00:00,47.3,9.799999,1555.0,6.2,94,9.4,0.3,0.0,94,102.0,12.0
2026-06-03 10:00:00,47.3,9.799999,1555.0,6.1,94,8.9,0.3,0.0,100,155.0,35.0
2026-06-03 11:00:00,47.3,9.799999,1555.0,6.5,96,11.8,0.4,0.0,100,174.0,24.0
2026-06-03 12:00:00,47.3,9.799999,1555.0,6.1,96,11.8,3.0,0.0,100,110.0,4.0
2026-06-03 13:00:00,47.3,9.799999,1555.0,6.4,93,10.1,1.1,0.0,100,169.0,13.0
2026-06-03 14:00:00,47.3,9.799999,1555.0,7.3,87,10.3,0.1,0.0,97,273.0,45.0
2026-06-03 15:00:00,47.3,9.799999,1555.0,7.8,85,12.0,0.0,0.0,90,427.0,195.0
2026-06-03 16:00:00,47.3,9.799999,1555.0,8.2,86,11.9,0.0,0.0,100,434.0,188.0
2026-06-03 17:00:00,47.3,9.799999,1555.0,8.4,85,8.4,0.0,0.0,83,245.0,79.0
2026-06-03 18:00:00,47.3,9.799999,1555.0,8.9,82,7.2,0.0,0.0,80,276.0,128.0
2026-06-03 19:00:00,47.3,9.799999,1555.0,9.0,79,9.1,0.0,0.0,95,259.0,145.0
2026-06-03 20:00:00,47.3,9.799999,1555.0,8.5,84,8.8,0.0,0.0,77,129.0,58.0
2026-06-03 21:00:00,47.3,9.799999,1555.0,7.7,84,7.1,0.0,0.0,44,35.0,9.0
2026-06-03 22:00:00,47.3,9.799999,1555.0,7.1,87,7.3,0.0,0.0,30,0.0,0.0
2026-06-03 23:00:00,47.3,9.799999,1555.0,7.1,85,8.9,0.0,0.0,86,0.0,0.0
2026-06-04 00:00:00,47.3,9.799999,1555.0,7.4,82,9.2,0.0,0.0,81,0.0,0.0
2026-06-04 01:00:00,47.3,9.799999,1555.0,7.3,81,8.7,0.0,0.0,100,0.0,0.0
2026-06-04 02:00:00,47.3,9.799999,1555.0,7.3,77,9.9,0.0,0.0,100,0.0,0.0
2026-06-04 03:00:00,47.3,9.799999,1555.0,7.4,71,8.7,0.0,0.0,27,0.0,0.0
2026-06-04 04:00:00,47.3,9.799999,1555.0,7.2,71,8.4,0.0,0.0,92,0.0,0.0
2026-06-04 05:00:00,47.3,9.799999,1555.0,7.1,69,8.5,0.0,0.0,100,0.0,0.0
2026-06-04 06:00:00,47.3,9.799999,1555.0,7.6,66,8.4,0.0,0.0,95,6.0,0.0
2026-06-04 07:00:00,47.3,9.799999,1555.0,9.2,60,7.9,0.0,0.0,93,65.0,7.0
2026-06-04 08:00:00,47.3,9.799999,1555.0,10.5,59,6.4,0.0,0.0,100,212.0,103.0
2026-06-04 09:00:00,47.3,9.799999,1555.0,10.5,60,9.1,0.0,0.0,100,267.0,48.0
2026-06-04 10:00:00,47.3,9.799999,1555.0,11.5,58,8.1,0.0,0.0,100,406.0,124.0
2026-06-04 11:00:00,47.3,9.799999,1555.0,11.9,66,6.4,0.0,0.0,100,467.0,106.0
2026-06-04 12:00:00,47.3,9.799999,1555.0,13.5,58,4.8,0.0,0.0,100,611.0,220.0
2026-06-04 13:00:00,47.3,9.799999,1555.0,13.8,71,7.4,0.0,0.0,100,590.0,179.0
2026-06-04 14:00:00,47.3,9.799999,1555.0,13.3,70,9.8,0.0,0.0,100,495.0,96.0
2026-06-04 15:00:00,47.3,9.799999,1555.0,13.0,70,10.8,0.0,0.0,100,453.0,49.0
2026-06-04 16:00:00,47.3,9.799999,1555.0,12.0,79,9.4,0.0,0.0,100,267.0,17.0
2026-06-04 17:00:00,47.3,9.799999,1555.0,9.7,100,12.3,0.1,0.0,100,104.0,5.0
2026-06-04 18:00:00,47.3,9.799999,1555.0,8.5,99,15.1,9.9,0.0,100,37.0,1.0
2026-06-04 19:00:00,47.3,9.799999,1555.0,7.4,96,15.4,4.6,0.0,100,34.0,0.0
2026-06-04 20:00:00,47.3,9.799999,1555.0,6.8,94,13.0,1.3,0.0,98,22.0,0.0
2026-06-04 21:00:00,47.3,9.799999,1555.0,6.4,94,12.7,0.8,0.0,100,9.0,0.0
2026-06-04 22:00:00,47.3,9.799999,1555.0,6.1,94,10.2,2.0,0.0,100,0.0,0.0
2026-06-04 23:00:00,47.3,9.799999,1555.0,6.3,93,5.5,2.9,0.0,100,0.0,0.0
2026-06-05 00:00:00,47.3,9.799999,1555.0,6.0,91,10.6,3.6,0.0,100,0.0,0.0
2026-06-05 01:00:00,47.3,9.799999,1555.0,5.8,88,8.7,2.8,0.0,100,0.0,0.0
2026-06-05 02:00:00,47.3,9.799999,1555.0,5.7,88,7.6,2.5,0.0,100,0.0,0.0
2026-06-05 03:00:00,47.3,9.799999,1555.0,5.3,91,9.0,2.7,0.0,100,0.0,0.0
2026-06-05 04:00:00,47.3,9.799999,1555.0,4.6,86,8.0,4.0,0.0,100,0.0,0.0
2026-06-05 05:00:00,47.3,9.799999,1555.0,4.8,87,7.5,3.1,0.0,100,0.0,0.0
2026-06-05 06:00:00,47.3,9.799999,1555.0,4.3,89,6.9,1.8,0.0,100,2.0,0.0
2026-06-05 07:00:00,47.3,9.799999,1555.0,5.0,91,3.7,0.2,0.0,87,29.0,5.0
2026-06-05 08:00:00,47.3,9.799999,1555.0,5.9,90,6.1,0.0,0.0,84,162.0,68.0
2026-06-05 09:00:00,47.3,9.799999,1555.0,6.4,91,6.5,0.0,0.0,87,229.0,92.0
2026-06-05 10:00:00,47.3,9.799999,1555.0,7.1,88,6.4,0.0,0.0,89,337.0,131.0
2026-06-05 11:00:00,47.3,9.799999,1555.0,7.7,88,6.7,0.0,0.0,100,353.0,128.0
2026-06-05 12:00:00,47.3,9.799999,1555.0,6.4,95,9.3,0.0,0.0,100,200.0,42.0
2026-06-05 13:00:00,47.3,9.799999,1555.0,7.9,85,9.9,0.0,0.0,97,426.0,165.0
2026-06-05 14:00:00,47.3,9.799999,1555.0,8.5,81,9.7,0.0,0.0,94,462.0,178.0
2026-06-05 15:00:00,47.3,9.799999,1555.0,9.0,79,7.3,0.0,0.0,98,537.0,224.0
2026-06-05 16:00:00,47.3,9.799999,1555.0,9.0,79,6.5,0.0,0.0,100,347.0,143.0
2026-06-05 17:00:00,47.3,9.799999,1555.0,8.8,90,6.2,0.0,0.0,100,224.0,71.0
2026-06-05 18:00:00,47.3,9.799999,1555.0,7.8,94,6.8,1.1,0.0,94,63.0,6.0
2026-06-05 19:00:00,47.3,9.799999,1555.0,8.2,92,5.6,0.0,0.0,81,155.0,58.0
2026-06-05 20:00:00,47.3,9.799999,1555.0,7.6,90,6.6,0.0,0.0,63,157.0,74.0
2026-06-05 21:00:00,47.3,9.799999,1555.0,6.6,85,5.1,0.0,0.0,69,47.0,14.0
2026-06-05 22:00:00,47.3,9.799999,1555.0,6.0,85,4.7,0.0,0.0,66,0.0,0.0
2026-06-05 23:00:00,47.3,9.799999,1555.0,5.7,90,3.9,0.0,0.0,61,0.0,0.0
2026-06-06 00:00:00,47.3,9.799999,1555.0,5.2,90,6.0,0.0,0.0,34,0.0,0.0
2026-06-06 01:00:00,47.3,9.799999,1555.0,5.4,91,6.8,0.0,0.0,0,0.0,0.0
2026-06-06 02:00:00,47.3,9.799999,1555.0,5.6,88,6.9,0.0,0.0,0,0.0,0.0
2026-06-06 03:00:00,47.3,9.799999,1555.0,5.9,85,6.4,0.0,0.0,0,0.0,0.0
2026-06-06 04:00:00,47.3,9.799999,1555.0,5.3,86,6.9,0.0,0.0,90,0.0,0.0
2026-06-06 05:00:00,47.3,9.799999,1555.0,6.2,80,7.3,0.0,0.0,100,0.0,0.0
2026-06-06 06:00:00,47.3,9.799999,1555.0,6.6,80,5.4,0.0,0.0,100,7.0,0.0
2026-06-06 07:00:00,47.3,9.799999,1555.0,8.1,81,5.3,0.0,0.0,100,54.5,4.5
2026-06-06 08:00:00,47.3,9.799999,1555.0,10.1,86,3.0,0.0,0.0,99,116.5,6.2
2026-06-06 09:00:00,47.3,9.799999,1555.0,10.9,75,0.7,0.0,0.0,100,159.0,6.0
2026-06-06 10:00:00,47.3,9.799999,1555.0,11.1,80,3.1,0.0,0.0,100,176.0,0.0
2026-06-06 11:00:00,47.3,9.799999,1555.0,12.0,84,3.9,0.4,0.0,100,201.0,11.0
2026-06-06 12:00:00,47.3,9.799999,1555.0,12.3,88,6.0,0.4,0.0,99,190.0,5.0
2026-06-06 13:00:00,47.3,9.799999,1555.0,12.7,78,6.0,0.0,0.0,94,415.0,85.0
2026-06-06 14:00:00,47.3,9.799999,1555.0,13.1,78,6.4,0.0,0.0,89,561.0,230.0
2026-06-06 15:00:00,47.3,9.799999,1555.0,13.9,72,5.1,0.0,0.0,76,507.0,234.0
2026-06-06 16:00:00,47.3,9.799999,1555.0,14.8,69,5.5,0.0,0.0,77,564.0,307.0
2026-06-06 17:00:00,47.3,9.799999,1555.0,14.3,66,7.4,0.0,0.0,78,515.0,281.0
2026-06-06 18:00:00,47.3,9.799999,1555.0,13.6,65,6.8,0.0,0.0,69,382.0,183.0
2026-06-06 19:00:00,47.3,9.799999,1555.0,13.2,70,5.2,0.0,0.0,80,243.0,117.0
2026-06-06 20:00:00,47.3,9.799999,1555.0,12.9,71,6.8,0.1,0.0,98,100.0,36.0
2026-06-06 21:00:00,47.3,9.799999,1555.0,11.5,74,7.2,0.1,0.0,91,17.0,2.0
2026-06-06 22:00:00,47.3,9.799999,1555.0,10.3,83,1.9,0.0,0.0,87,0.0,0.0
2026-06-06 23:00:00,47.3,9.799999,1555.0,9.8,84,5.4,0.0,0.0,58,0.0,0.0
